id,title_singlish,title_sinhala,artist_name,artist_name_en,genre,genre_en,lyricist,lyricist_en,music,music_en,views,lyrics,Metaphors
1,Ada andure ma ,– අඩ අඳුරේ මා,ක්ලැරන්ස් විජේවර්ධන,Clarence Wijewardena,ගෝල්ඩන් පොප්,Golden Pop,ක්ලැරන්ස් විජේවර්ධන,Clarence Wijewardena,ක්ලැරන්ස් විජේවර්ධන,Clarence Wijewardena,300,"අඩ අඳුරේ මා දෙනෙත් කවුලු හැර
අලසව වැතිරී තනි යහනේ
ඔබ ගැන සිතමින් බලා සිටින්නෙමි
මුලු ලොව නිසලව නිදන වෙලේ

දහසක් කවි කල්පනා මගේ
සිතෙහි හෙමිට පිළිසිඳෙහි තිබේ
එක්වී ඔබ සිහිනෙක දැවටී
නිනද සමඟ යහනට ඇවිදින්

අලුයම බොල්පිණි තැවරී තෙත්වුනු
අඳුරේ සීතල සලුව යටින්
හොරෙන් හොරෙන් ඔබ යනවිට ඒ හඬ
කෙමෙන් බිඳී මට නෑසී යයි

නිදිමත පලවා දෙනෙත් කවුලු හැර
ඔබ සොයනා මට ඔබ නොපෙනේ
දහසක් කවි කල්පනා මගේ
සිතෙහි යලිත් පිළිසිඳෙහි තිබේ","[{'Metaphor': 'දහසක් කවි කල්පනා මගේ', 'Meaning': 'ඔහු ආදරයෙන් බැඳී සිටී', 'SourceDomain': 'කවි', 'TargetDomain': 'මිහිරි සිතුවිලි'}]"
2,Dakina Dasune ,දකින දසුනේ,එච්.ආර්. ජෝතිපාල,H.R.Jothipala,චිත්රපට ගීත,Movie Songs,කරුණාරත්න අබේසේකර,Karunarathna Abeysekara,T f latif,T F Latif,3254,"දකින දසුනේ දෙනෙත ඇඳුනේ 
සොඳුරු ඔබෙ රුව වේ
පවනෙ ඇසුනේ සවන රැඳුනේ 
ඔබගෙ කට හඬ වේ
ඔබගෙ කට හඬ වේ


			    

 
මහද විමනේ කැකුළු යහනේ 
ඔබයි සැතපෙන්නේ
සිතන සිතුමේ පතන පැතුමේ 
ඔබයි හිනැහෙන්නේ
ඔබයි හිනැහෙන්නේ 

 
දෙපස ගංගා දෙකකි එක්වී 
එක තැනට ආවේ
එකම ඒ ගං ජලය මුසුවී 
සයුර තුළ පාවේ
සයුර තුළ පාවේ","[{'Metaphor': 'මහද විමනේ කැකුළු යහනේ', 'Meaning': 'මල් තැබූ ඇඳක් මෙන් මගේ හදවත ඉතා සුවපහසු ය', 'SourceDomain': 'මල් යහනාව', 'TargetDomain': 'හදවත'}]"
3,Daiwayogayakin ,දෛවයෝගයකින්,වික්ටර් රත්නායක,Victor Rathnayaka,සම්භාව්ය,Classics,සුනිල් ආරියරත්න,Sunil Ariyarathna,වික්ටර් රත්නායක,Victor Rathnayaka,3079,"දෛවයෝගයකින් නොවේදෝ
හමුවුණේ අප හමු වුණේ
දෛවයේ සරදම් ලබන්නට
කිම මෙසේ අප හමුවුණේ //

 

 
ඇදුරුතුමියයි ප්‍රේමයේ ඔබ
ඇදුරුතුමියයි යෞවනේ
ශෝකයේ රුදු වේදනාවේ
කඳුළු සයුරේ උල්පතයි

 
නඳුන් උයනයි ස්නේහයේ ඔබ
සඳුන් සිලිලයි ජීවිතේ
සොම්නසේ ආනන්දයේ
හසරැල් තරංගේ උල්පතයි","[{'Metaphor': 'ඇදුරුතුමියයි ප්\u200dරේමයේ ඔබ', 'Meaning': 'ඔහු ඇය නිසා ඔහු ආදරයෙන් පළමු වරට වැටේ', 'SourceDomain': 'ආදරයේ ගුරුවරයා', 'TargetDomain': 'ඈ'}, {'Metaphor': 'නඳුන් උයනයි ස්නේහයේ ඔබ', 'Meaning': 'නන්දන් යනු වටිනාම ගසකි, එබැවින් ඇය ආදරයෙන් වඩාත්ම වැදගත් දෙයයි', 'SourceDomain': 'නන්දන් උයානායි සිනිථ', 'TargetDomain': 'ඈ'}]"
4,Dalwu Pahan ,දැල්වූ පහන්,"චන්ද්රාලෙකා පෙරේරා, ලක්ෂ්මන් විජේසේකර","Chandralekha Perera,Lakshman Wijesekara","යුගල, චිත්රපට ගීත","Duets,Movie Songs",සුනිල් ආරියරත්න,Sunil Ariyarathna,රොහානා වීරසිංහ,Rohana Weerasingha,5993,"දැල්වූ පහන් දැල්වී තිබේවා
සුන් වූ පැතුම් දළු ලා වැඩේවා
ළං වූ ලවන් හමු වී තිබේවා
වෙන් වූ නුවන් කඳුළින් මිදේවා

             
  				

 
විරහී හඳින් ගලන දුක් වේදනාවන්
සිහිලැල් පවන් රැල්ලකින් සංසිඳේවා
නොබිඳී නිර්මල ප්‍රාර්ථනාවන්
පෙම්වත් ලොවක් අරුණු අහසේ දිසේවා","[{'Metaphor': 'දැල්වූ පහන් දැල්වී තිබේවා සුන් වූ පැතුම් දළු ලා වැඩේවා', 'Meaning': 'පැතුම් ලබා ගනී', 'SourceDomain': 'විදුලි පහන්', 'TargetDomain': 'පැතුම්'}]"
5,Dileepa Podi Puthu ,දිලීප පොඩි පුතූ,ක්ලැරන්ස් විජේවර්ධන,Clarence Wijewardena,පැරණි පොප්ස්,Old Pops,කරුණාරත්න අබේසේකර,Karunarathna Abeysekara,ක්ලැරන්ස් විජේවර්ධන,Clarence Wijewardena,7635,"දිලීප පොඩි පුතූ සනීපයට නිදි
මවගේ උකුල් යහනේ
කුමාරයාණෙනි මගේ කිරුළ හිමි
ජීවන රජ දහනේ


මහද විමානයෙ තැන්පත් කල ලේ 
බිඳුවක් අඩුව ඇතේ
එය සඟවාගෙන බිලිඳු වෙසින් ආ 
වස්තුව ඔබය පුතේ
    
 
පරවි දෙපා වැනි සුලලිත කෝමල 
සුමුදු ටිකිරි දෑතේ
පුතු මිට මොලවන් සඟවා ගෙන ඇත 
මා නොලියුව ගීතේ","[{'Metaphor': 'මවගේ උකුල් යහනේ', 'Meaning': 'මවගේ උකුල ඇඳක් මෙන් සැපපහසුයි', 'SourceDomain': 'ඇඳ', 'TargetDomain': 'උකුල්'}, {'Metaphor': 'වස්තුව ඔබය පුතේ', 'Meaning': 'අලුත උපන් බිළිඳා දෙමව්පියන් සඳහා වස්තුවකි', 'SourceDomain': 'වස්තුව', 'TargetDomain': 'පුතා'}, {'Metaphor': 'පරවි දෙපා වැනි සුලලිත කෝමල සුමුදු ටිකිරි දෑතේ', 'Meaning': 'අලුත උපන් බිළිඳාගේ අත පරෙවි පාද සිනිඳු ලෙස සුදුමැලි මෘදුයි', 'SourceDomain': 'ඩෝව් කකුල', 'TargetDomain': 'අත'}]"
6,Dahas Ganan Heena ,– දහස් ගණන් හීන,ශ්යාමෙන් ඩැන්පාගමුව,Shyamen Dangamuwa,"වත්මන් ගීත, චිත්රපට ගීත, ඉල්ලීම","Current Songs,Movie Songs,Request",සද්ධන්ග්ලා සූරියබන්දර,Saddhamangla Sooriyabandara,දිනේෂ් දිසානායක,Dinesh Disanayake,1882,"දහස් ගණන් හීන බලලා 
ලක්ෂ ගණන් පෙරුම් පුරලා 
කෝටිගණන් හම්බ කරලා හිටියට වැජඹී
ගත සැපතින් වෙහෙස වෙලා 
හිත සතුටින් වියරු වෙලා
සීතල කළ කාමර වල ජීවිත උණුසුමක් නැතිව
කෝටිපතියො දුක් විදිනව කාමර ඇතුලේ

     

රුපියල් සුවදට මත්වී සුරදූතියො ලං වුණාට
පාට කරපු දෙතොල් වලින් ආදරබස් තෙපලුවාට 
බස විතරයි ආදරෙ නෑ හදවත් ඇතුලේ
සීතල කළ කාමර වල ජීවිත උණුසුමක් නැතිව
කෝටිපතියො දුක් විදිනව කාමර ඇතුලේ

නෝට්ටු කොල වල දැවටී ඕ සද්දෙට ලං වුනාට
බෙහෙත් බිබී නොකා නොබී පෝසත්කම විදෙව්වාට
හම්බ කරපු සතුටක් නැසේප්පු ඇතුලේ//","[{'Metaphor': 'සීතල කළ කාමර වල', 'Meaning': 'කෝටිපතියන් සතුටු නැත.', 'SourceDomain': 'සිසිල් කාමරය', 'TargetDomain': 'සුව පහසු කාමරයක්'}]"
7,Landune ,ළඳුනේ,අමරසිරි පීරිස්,Amarasiri Peiris,සම්භාව්ය,Classics,රන්බන්ඩා සෙනෙවිරත්න,Ranbanda Senevirathna,ප්රේමසිරි කෙමදාස,Premasiri Khemadasa,5556,"ළඳුනේ... ළඳුනේ… 


ඔබේ දෑස දැකගත්තෙමි 
සැඳෑ කලෙක ළඳුනේ - ළඳුනේ
දෙනෝ දහක් අත ගත්තද 
සැමියෙකු නැති ළඳුනේ 
නෑයෙක් නෑකම නොකියන 
වීදි සරණ ළඳුනේ    

 
තෙල් මල් ගෙන දෝත පුරා
මුනිකුටියට පියමං වන
ඔබේ දෑස දැක ගත්තෙමි 
සැඳෑ කලෙක ළඳුනේ - ළඳුනේ 

 

 
බුදුන් දැක නිවන් දකිමැයි 
දෙව්රම යන පාර අහන
ඔබ ද පටාචාරාවකී 
ඔබ ද කිසාගෝතමියකි

 

 
පිරිමින්ගෙ පාප කඳට දෝස විඳින ළඳුනේ
අඳුරේ පව් කරන දනා එළියෙ රවන ළඳුනේ
ළැම පමණක් ලොවට පෙනෙන 
ළය නොපෙනෙන ළඳුනේ
කුහුඹුවකුට වරදක් නැති  වැරදිකාර ළඳුනේ","[{'Metaphor': 'ඔබ ද පටාචාරාවකී', 'Meaning': 'ඇය පීචාරා වැනි දුප්පතුන්', 'SourceDomain': 'PATACHA', 'TargetDomain': 'ඈ'}, {'Metaphor': 'ඔබ ද කිසාගෝතමියකි', 'Meaning': 'ඇය කයිනගොටුවමියා වැනි කරුණාවන්ත කරුණාවකි', 'SourceDomain': 'Kisagodamiya', 'TargetDomain': 'ඈ'}]"
8,Lande Mulawee ,ළඳේ මුලා වී,රූකාන්ත ගුණතිලක,Rookantha Gunathilaka,නව පොප්,New Pop,රූකාන්ත ගුණතිලක,Rookantha Gunathilaka,රූකාන්ත ගුණතිලක,Rookantha Gunathilaka,1678,"ළඳේ මුලා වී ගියා නම්
එපා ඔයාගේ සිනාවන්
මිරිඟුව දැක මුවෙක් වගේ
දිය සොයමින් කතර දිගේ
ගිහින් මොකෝ පරාද වී දැන්

මැණිකෙ අගය කණා දන්නෙ නෑ
නමුත් අගය බාල වෙන්නෙ නෑ
පළුදු බඳුන ඕන වෙන්නෙ නෑ
වැරදුනාම හරී කිවුවෙ නෑ


පර වුණාම මලේ සුවඳ නෑ
බොර වුණාම ජලේ පැහැය නෑ
බිඳුනු පෙමක නැවුම් රසේ නෑ
හැර ගියාට මා තනිවුන්නෑ","[{'Metaphor': 'මිරිඟුව දැක මුවෙක් වගේ', 'Meaning': 'මිරාජ් එකක් දකින මුවෙකු මෙන් ඇය ව්යාකූල වී ඇත', 'SourceDomain': 'මිරිකුවක් දුටු මුවන්', 'TargetDomain': 'ඈ'}]"
9,Landak Landak ,ලඳක් ළඳක්,මර්වින් පෙරේරා,Mervin Perera,චිත්රපට ගීත,Movie Songs,K.a.w.perera,K.A.W.Perera,ග්රෙෂාන් ආනන්ද,Greshan Ananda,903,"ලඳක් ළඳක් දුටිමි ළඳක්//
ලස්සන ළඳක් හා හා ලස්සන ළඳක්
සුදට සුදේ හහා ගවුම ඇඳන් 
හිස් වැස්මක් සුදට සුදයි
නෙතඟ බැලුම් සිත පොපියයි 
ඉර හඳ මිහිකත නලවයි
ඈ දැකුමෙන් හද සැනසේ
	
 
දෙබැම සලා ඉඟි පාමින් 
මුදු තෙපුලින් මා සනසයි//
බඹරු ඇදෙන මල් යහනකි 
අඳුර නසන රන් පහනකි

ඈ දැකුමෙන් හද සැනසේ

 
ගඟකි අමා සිසිල ගෙනා 
මහද දිනූ ඔමරිලතා//
කොමළ සිනා නුරා බැලුම් 
මහද රැඳුනු සොඳුරු ලියකි

ඈ දැකුමෙන් හද සැනසේ","[{'Metaphor': 'ගඟකි අමා සිසිල ගෙනා මහද දිනූ ඔමරිලතා', 'Meaning': 'ඇය හරිම කරුණාවන්තයි', 'SourceDomain': 'ගංගාවක් මට සිසිල් බවක් ඇති කළේය', 'TargetDomain': 'ඈ'}]"
10,Oba Den Keewath ,ඔබ දැන් කීවත්,මිල්ටන් මල්ලවරාච්චි,Milton Mallawarachchi,පැරණි පොප්ස්,Old Pops,චිත්නන්ද අබේසේකර,Chithrananda Abeysekara,සරත් දසනායක,Sarath Dasanayaka,1694,"ඔබ දැන් කීවත් කඳුළු සලා 
මට ආදරෙයි කියා 
හිත ගිය තැනකට තුරුළු වෙලා 
මැණිකේ නොවෙන් මුලා

 
ඉස්සර වාගේ අත්වැල් බැඳගෙන 
යන්නද කතා කලේ
දෙදෙනෙකු දෑතින් අල්ලා ගන්නට 
එකවර නොහැක ලොවේ


 
ලස්සන මල් පෙති දෑතක පොඩිවුන 
සුළඟේ විසිරෙනවා
මැණිකෙගෙ ආදර සුමිහිර ගිලිහුන 
මගෙ හද නෙරපනවා","[{'Metaphor': 'ලස්සන මල් පෙති දෑතක පොඩිවුන සුළඟේ විසිරෙනවා මැණිකෙගෙ ආදර', 'Meaning': 'ඇගේ ප්රේමය නිසා සුළඟින් විසිරී ඇති ලස්සන මල් පෙති මෙන් බෙදා හරිනු ඇත', 'SourceDomain': 'සුළඟින් විසිරී ඇති ලස්සන මල් පෙති', 'TargetDomain': 'ආදරය'}]"
11,Nage Naganna ,නගේ නගන්න,"චන්ද්රාලෙහා පෙරේරා, රූකාන්ත ගුණතිලක","Chandralekha Perera,Rookantha Gunathilaka",යුගල,Duets,නොදන්නා,Unknown,රූකාන්ත ගුණතිලක,Rookantha Gunathilaka,397,"නගේ නගන්න මල් සිනා හදේ පිපෙන්න මල් ලතා
ජීවිතේ පුරාම ආදරේ සොරා ගනී
ඔබෙ යොවුන් වියේ යොවුන් කතා
සිනා නගන්නෙ කාටදෝ සිතේ තියෙන්නෙ මොනවදෝ
හෑමදාම මේ වගේම ඇයි උදෑසනේ
ඕනදෝ මගෙන් සෙනේ බිදක්

 
පාසලේදි ඇයි දඟේ මෙසේ 
පාරෙදී මොකක්ද මේ රඟේ
මල් කුමාරියක් වගේ මනාලියක් වගේ
ජීවිතේ යොවුන් වියේ සුපෙම් රැඟුම් සලයි



ආදරේට මං බයයි අනේ
තාම ඕව පුරුදු නෑ වගේ
එන්නකෝ පුදන්නකෝ ඔබේ යොවුන් සෙනේ
ආදරේ ලබන්නකෝ මගේ යොවුන් හදේ","[{'Metaphor': 'නගේ නගන්න මල් සිනා', 'Meaning': 'ඔහු ඔහුට ආදරය කරන්නැයි ඉල්ලා සිටී', 'SourceDomain': 'මල් සිනහව', 'TargetDomain': 'ආදරය'}]"
12,Nalala Wiyalawa , – නළල වියලවා විගසින්,සේනානායක වේරල්දාඩා,Senanayaka Weraliyadda,නව පොප්,New Pop,නුවන් කුමාර කටුගම්පෝලා,Nuwan Kumara Katugampola,සේනානායක වේරල්දාඩා,Senanayaka Weraliyadda,826,"නළල වියලවා විගසින් තිලකයක් තියා අළුතින්
දොරකඩට ඇවිත් හිටගෙන හිනාවෙන නමුත්
තවම කෙහෙ රැළින් දිය වෑහෙනවා රාජිනී
ලපටි සුදු මිරිස් මල් දිලිහෙනව රාජිනී
දිලිහෙනව රාජිනී දිලිහෙනව රාජිනී

දෙවොල් මළුවේ සුදු වැලි කැට පුරුද්දට වගේ ගැන ගැන
සීනු හඬට කන් දෙන විට
පිරුණු හිත මුවින් උතුරන අපූරුව මැවේ
රාස්සිගේ අව් කෙඳි ටික නාගදීපයට එපිටින්
මුහුදේ ගිලෙන විට සිහිලයි නොවේද රාජිනී
නොවේද රාජිනී  නොවේද රාජිනී


මඟ වසන වලා තිරපට ඉරාගෙන උජාරුවකින්
බක් මහේ නැවුම් සඳවත
පෙරඹරින් නැගී එන හැඩ වියැක යන සේ
කතා කරන ඇස් වහගෙන අගය පෙන්වනා විටදිත්
නුඹ තරම් සොඳුරු කවියක් නැහැනේ රාජිනී
නැහැනේ රාජිනී  නැහැනේ රාජිනී","[{'Metaphor': 'නුඹ තරම් සොඳුරු කවියක් නැහැනේ රාජිනී', 'Meaning': 'ඇය කවියක් මෙන් මිහිරි ය', 'SourceDomain': 'කවිය', 'TargetDomain': 'ඈ'}]"
13,Pahan Novan Rayaka ,පහන් නොවන රැයක,මිරියාසල් ගුණතිලක,Mariyasel Gunathilaka,"ගෝල්ඩන් පොප්, පැරණි පොප්ස්","Golden Pop,Old Pops",හේමසිරි හැල්පිටා,Hemasiri Halpita,මහේෂ් ඩෙනිපිටිය,Mahesh Denipitiya,1121,"පහන් නොවන රැයක ඇවිද යමුද රිදී නිම්නයේ
මල් මල් සිහින ලෝකයේ
මට නැවුම් මිහිර දෙන්නෙ ඔබද පෙම් වසන්තයේ
ලස්සන මේ යොවුන් වියේ


ලංවුනේ මා ඔබෙන් සෙනෙහේ පතා සිතින්
සිත පුරා රැඳුන සතුට නිම් නොවේ
ඔබ සොයා එන්නෙ මං වෙන් නොවන අදහසින්
පවසන්න ඔබට රත්තරන් හැඟුම්



අත් බැඳී මේ ලෙසින් සුදු සේද මාවතින්
දුර එහා තිබෙන සොඳුරු විල් තෙරේ
නැවතිලා මුමුනමින් රස මියුරු පෙම් වදන්
අපි ඉඳිමු ලබැඳි පෙම්වතුන් වෙමින්","[{'Metaphor': 'අත් බැඳී මේ ලෙසින් සුදු සේද මාවතින්', 'Meaning': 'ඇයට නීත්යානුකූල විවාහයක් භුක්ති විඳීමට අවශ්යයි', 'SourceDomain': 'සුදු සිල්ක් පාර', 'TargetDomain': 'නීතිමය විවාහ'}]"
14,Paawee Edee Enna ,පාවී ඇදී එන්න,මිල්ටන් මල්ලවරාච්චි,Milton Mallawarachchi,පැරණි පොප්ස්,Old Pops,කුලරත්න ආරියවන්සා,Kularathna Ariyawansa,ස්ටැන්ලි පියරිස්,Stanley Pieris,1541,"පාවී ඇදී එන්න ආයේ මාගේ දෑසේ යාවීලා
පීදී සැලී රෝස යායේ පාවේ දෑසේ සිහින චායා//




මාදං කැලේ ලා නිල් තලා හේ බාවේ 
පාසල් වියේ ඈ හා එදා මේ වාගේ
බාලේ ඈත ලොවේ පාවී දෑස තෙමේ සිත පාවී


රෑනින් මිදී ආවේ අරුණු හෝරාවේ 
සිහිනෙන් වගේ පාවී මියුරු ගී රාවේ
බාලේ ඈත ලොවේ පාවී දෑස තෙමේ සිත පාවී","[{'Metaphor': 'පීදී සැලී රෝස යායේ පාවේ දෑසේ සිහින චායා', 'Meaning': 'ඇය රෝස් මල මෙන් ඉතා ලස්සනයි', 'SourceDomain': 'රෝස් මල', 'TargetDomain': 'ඈ'}]"
15,Oba Malak Wela ,ඔබ මලක් වෙලා,සෝමතිලක ජයමහා,Somathilaka Jayamaha,පැරණි පොප්ස්,Old Pops,සුනිල් ආරියරත්න,Sunil Ariyarathna,සෝමතිලක ජයමහා,Somathilaka Jayamaha,1558,"ඔබ මලක් වෙලා වන අරනේ පිපේවී
මා සුළං රැලක් වී ඔබ පිස හමාවී
පුර සඳක් වෙලා ඔබ අහසේ දිලේවී
මා ගඟක් වෙලා සඳ එළියේ ගලාවී

 				


සුළඟ වෙසින් මා එන කල 
ඔබේ සුවඳ සෑහේ මට
මල් මුව රද ඔබ සමඟයි 
මලේ සුවඳ මා අසලයි



ගඟක් වෙලා මා යන කල
ඔබේ එළිය සෑහේ මට
පුර හද නිළඹර සමඟයි 
සඳේ එළිය මා අසලයි","[{'Metaphor': 'ඔබ මලක්', 'Meaning': 'ඇය මලක් මෙන් ලස්සනයි', 'SourceDomain': 'මල', 'TargetDomain': 'ඈ'}, {'Metaphor': 'මා සුළං රැලක් වී ඔබ පිස හමාවී', 'Meaning': 'ඔහු ඇයව සුළඟේ වාඩිවීම තරම් වේගයෙන් මුණගැසුණි', 'SourceDomain': 'සුළඟේ රැල්ල', 'TargetDomain': 'ඔහු'}, {'Metaphor': 'පුර සඳක් වෙලා ඔබ අහසේ දිලේවී', 'Meaning': 'ඇය සඳ මෙන් සිසිල් හා ලස්සනයි', 'SourceDomain': 'සඳ', 'TargetDomain': 'ඈ'}, {'Metaphor': 'මා ගඟක් වෙලා', 'Meaning': 'ඔහු සැමවිටම ඇය සමඟ සිටී', 'SourceDomain': 'ගඟ', 'TargetDomain': 'ඔහු'}]"
16,Pabasara Ran ,පබසර රන්,මර්වින් පෙරේරා,Mervin Perera,පැරණි පොප්ස්,Old Pops,ප්රේමකීර්ති ද අල්විස්,Premakeerthi De Alwis,මර්වින් පෙරේරා,Mervin Perera,19409,"පබසර රන් පබළු මිණිමුතු කැන් ඔපලූ
රජ කිරුළු අගය නැතේ
ඔබෙ හද මල් උයනේ නැළවෙන මල් පවනේ
දිළිඳු පැලේ එළිය ඇතේ


	
 
ගඟ බැස එයි සයුර බලා
හිරු හිනැහේ නෙළුම නෙලා
නෙත සිත හා එකතු වෙලා
ඔබ දැකුමෙන් උමතු වෙලා

 
කළුවර රෑ රළු අහසේ
තරුවැල හා අඩ සඳ සේ
නොපිරුණු මේ සිතට මගේ
ඔබ ගෙන එයි සතුට අගේ","[{'Metaphor': 'ඔබෙ හද මල් උයනේ', 'Meaning': 'මල් වත්තක් මෙන් ඇගේ හදවත සිසිල් හා සන්සුන් ය', 'SourceDomain': 'මල් වත්ත', 'TargetDomain': 'හදවත'}]"
17,Oba Mage Senehasa ,– ඔබ මගෙ සෙනෙහස,ඉන්ද්රජිත් ඩොරමුල්ලා,Indrajith Dolamulla,"පැරණි පොප්ස්, ඉල්ලීම","Old Pops,Request",නොදන්නා,Unknown,ඉන්ද්රජිත් ඩොරමුල්ලා,Indrajith Dolamulla,3584,"ඔබ මගෙ සෙනෙහස යදින දිනේ
මගෙ සිත නැත උණුසුම දුටුවේ
මගෙ සිත ඔබෙ රුව සොයන පැයේ
ඔබ ඇත තව අයෙකුගෙ තුරුලේ
පෙණපිඩු නංවා සිනා සලා ගෙන
ඈත දියඹ සිට ඔබ ආවා..
නිහඬ මුවින් මා වෙරළක් වී හිඳ
ඒ රළ පෙළ මා රිදවූවා...
සීතල තරුමල් සුසුම් හෙලන රෑ
තනිකම මගෙ සිත රිදවද්දී..
ඔබේ සුවඳ මා සොයා ඇදුණු දා
ඔබේ සිනා නැත මට හිමිවී","[{'Metaphor': 'නිහඬ මුවින් මා වෙරළක් වී හිඳ', 'Meaning': 'ඇය ඔහුට දොස් කියමින් ඔහු නිහ was ව සිටියේය., මල් වත්තක් මෙන්', 'SourceDomain': 'වෙරළ', 'TargetDomain': 'ඔහු'}]"
18,Pasal Bime ,පාසල් බිමේ,"අජිත් මුතුකුමාරණ, අජිත් මුතුකුමාරණ","Ajith Mutukumarana,Ajith Mutukumarana", ,, ,, ,,1480,"පාසල් බිමේ හමු වූ සුර කුමරියේ 
සිප් සතර සේ ඉඩ දෙන් මට ඔබෙ ළයේ 
සරසවි බිමේ මතුදා හමුවන දිනේ 
නෙත් ඔය ලෙසේ නා රින් මට මග ප්‍රියේ

 
සටහන් පොතක් තුළ සැඟ වී හොරෙන් 
මට ඉන්න ආසයි ඔබෙ ළය ලගින්
සුදු මුද ගවුමේ ඉඟ වට රැලි සේ 
දැවටෙන්න ආසයි ඔය බද වටින්

 
පැනයන් රැසක් ලඟ පිළිතුරැ ලෙසින් 
පිටවෙන්න ආසයි ඔබෙ මුව තුළින්
රතැගිළි අතරේ තෙලි තුඩ වි‍ලසේ 
සිප ගන්න ආසයි ඔය මුදු ළවන්","[{'Metaphor': 'ඔබෙ හද මල් උයනේ', 'Meaning': 'මල් වත්තක් මෙන් ඇගේ හදවත සිසිල් හා සන්සුන් ය', 'SourceDomain': 'මල් වත්ත', 'TargetDomain': 'හදවත'}]"
19,Parami Dam,– පාරමී දම්,නීලා වික්රමසිංහ,Neela Wickramasinghe,සම්භාව්ය,Classics,අජන්තා රණසිංහ,Ajantha Ranasinghe,සරත් දසනායක,Sarath Dasanayaka,1366,"පාරමී දම් පුරමු අප දෙදෙනා 
මටම අයියණ්ඩියක වී ඔබ 
නැගනි වී මා එකම මව් කුස
සසර මතුදා උපත ලබනට
පාරමී දම් පරමු අප දෙදෙනා


ගවුම් පොඩියක් මටත් අන්දා
කොණ්ඩ කරලක් හිස පලන්දා
යනෙන මාවත දකුණු පැත්තෙන්
මාව පාසල් එක්කරන් යන්න
මටම ඔබ අයියණ්ඩියක වීලා
ජාති ජාතිත් සංසාරේ



ළමා විය ඉක්මවා දවසක
පංච කල්‍යාණියක වී මම
සිරිත් ලෙස කුල ගෙයට යනදා
හීනයක් සේ මතක් වෙයි මට
අපේ අසරණ බිඳුනු පෙම් ලෝකේ
පූර්ව ආත්මෙක සංසාරේ","[{'Metaphor': 'පංච කල්\u200dයාණියක වී මම', 'Meaning': 'ඇය හරියට පංච කලලියන් වගේ.', 'SourceDomain': 'පංච කල්යාන්', 'TargetDomain': 'ඈ'}]"
20,Mage Sanda Oba ,මගේ සඳ ඔබ,නන්ද මලනි,Nanda Malani,සම්භාව්ය,Classics,සුනිල් ආරියරත්න,Sunil Ariyarathna,රොහානා වීරසිංහ,Rohana Weerasingha,1110,"මගේ සඳ ඔබ මගේ සඳ ඔබ
එදා සඳ නොව මෙදා සඳ ඔබ
මගේ සඳ ඔබ මගේ



 
එදා මට ඔබ සරා සඳ විය..
කවි ඇසින් දුටු සොඳුරු පියකරු..
අඳුරු හද ගැබ එකලු කරමින්.. 
උදාවිය ගිරි ශිඛර සිරසේ

 
මෙදා මට ඔබ සැබෑ සඳමය..
විදු ඇසින් දුටු ලොවය විසකුරු..
ප්‍රාණයෙන් තොර වියලි සඳසේ..
ඔබද අදමා අසල ගැවසේ","[{'Metaphor': 'මගේ සඳ ඔබ', 'Meaning': 'ඔහු සඳක් වැනි සිසිල්කම සහ දීප්තියකි', 'SourceDomain': 'සඳ', 'TargetDomain': 'ඔහු'}]"
21,Mage Samarum ,මාගේ සැමරුම්,ප්රියා සූරියසේන,Priya Sooriyasena,පැරණි පොප්ස්,Old Pops,ඩොනල්ඩ් අයිවොන්,Donald Ivon,ප්රියා සූරියසේන,Priya Sooriyasena,1639,"මාගේ සැමරුම් පොතේ රෝස පිටුවක් පුරා
පුංචි නිල්පාට අකුරින් ලියා
නොයමි හැරදා ඔයා ඔබ මගේ යැයි කියා
සිතුවේ පැතුවේ බොරුවටද ඔයා //




පාසල හැර අපි වෙන්ව ගියා මතක සේයා මවා
ඔබ ලියු දේ තියා කී දේවල් පවා 
සුලගේ විසිරී දූවිල්ල වගේ


උනුසුම් ආදර වදනක් ඔබේ අද ඇතේ තනි වෙලා
මා සිතින් වැලපීලා  සොදුරු සැමරුම් බලා 
හැමදා මෙලෙසේ සිහිකරමි ඔයා","[{'Metaphor': 'ඔබ ලියු දේ තියා කී දේවල් පවා  සුලගේ විසිරී දූවිල්ල වගේ', 'Meaning': 'ඇගේ සංවාදය දූවිලි මෙන් විසිරී ඇත.', 'SourceDomain': 'දුවිලි', 'TargetDomain': 'ඇගේ සංවාදය'}]"
22,Mage Ratata ,මගේ රටට,සනත් නන්දසිරි,Sanath Nandasiri,දේවානුභාවයෙන්,Inspirational,සුනිල් සරත් පෙරේරා,Sunil Sarath Perera,සනත් නන්දසිරි,Sanath Nandasiri,2053,"මගේ රටට දළදා හිමි සෙවණයි
මගේ දැයට දළදා හිමි සරණයි
සැපතින් සපිරුණු නිවහල් දෙරණයි
උපතින් මා හට මේ හැම උරුමයි//

දළදා මැදුරේ රන්කොත මුදුනේ
මිණි කිරණින් මුළු රටම අවදි වේ//
දෙදහස් වසරක මහරු අතීතය
සීහ තේජසින් යළි පිබිදී එයි//


මෙතැනම වී දැය එක ලෙස බැඳුනේ
සිත් තුල බිය සංඛා දුරු කෙරුනේ//
සමිඳුන් සෙවනේ ජය දද බැඳුනා
ජය බෙර වැයුනා ජය ගී ගැයුනා//","[{'Metaphor': 'අතීතය සීහ තේජසින්', 'Meaning': 'අතීතය සිංහයෙකු මෙන් පැන නගී', 'SourceDomain': 'සිංහයා', 'TargetDomain': 'නියම අතීතය'}]"
23,Meedum Gala Kande ,මීදුම් ගලා කන්දේ,"ඇන්ජලීන් ගුණතිලක, එච්.ආර්. ජෝතිපාල","Angelin Gunathilaka,H.R.Jothipala","යුගල, චිත්රපට ගීත","Duets,Movie Songs",සිරි නිහාල් ජයසිංහ,Siri Nihal Jayasingha,P.l.a.somapala,P.L.A.Somapala,950,"මීදුම් ගලා කන්දේ - ඉවසන්න බෑ සීතේ
උණුසුම් දැනේ දෑතේ - ළංවී මට දැන් කියන්න 
ආදරේ දෝ මට ආදරේ දෝ…..ඕ ඕ ඕ….



 
රන් රුවක් වගේ පෙම්බරා මගේ//
මේ නිසංසලේ සිත් පහන් කළේ
ළා නිල්ලේ ඔන්චිල්ලේ නැළැවිල්ලේ
මා මත්වේ මුසපත් වේ රසවත් වේ
ළංවී මට දැන් කියන්න ආදරේ දෝ
මට ආදරේ දෝ…..ඕ ඕ ඕ….

 
සෙවනැල්ල මෙන් ඔබේ මම එන්නෙමී හො‍ඳේ
වෙන් නොවී බැඳී සංසාරයේ අපී..
ළා නිල්ලේ ඔන්චිල්ලේ නැළැවිල්ලේ
මා මත්වේ මුසපත් වේ රසවත් වේ
ළංවී මට දැන් කියන්න ආදරේ දෝ
මට ආදරේ දෝ…..ඕ ඕ ඕ….","[{'Metaphor': 'රන් රුවක් වගේ පෙම්බරා මගේ', 'Meaning': 'පෙම්වතා රත්තරන් මෙන් වටිනා හා කඩවසම් ය', 'SourceDomain': 'රන්', 'TargetDomain': 'පෙම්වතා'}, {'Metaphor': 'සෙවනැල්ල මෙන් ඔබේ මම එන්නෙමී හො\u200dඳේ', 'Meaning': 'පෙම්වතා සැමවිටම ඇය සමඟ ඇගේ සෙවනැල්ලක් මෙන් ය', 'SourceDomain': 'ඇගේ සෙවනැල්ල', 'TargetDomain': 'ඔහු'}]"
24,Mee Pani Rahasak ,මී පැණි රහසක්,කිත්සිරි ජයසේකර,Kithsiri Jayasekara,"වත්මන් ගීත, ඉල්ලීම","Current Songs,Request",සිරිල් පෙරේරා,Cyril Perera,සුනිල් විමලවීර,Sunil Wimalaweera,2363,"මී පැණි රහසක් ගැලුවා සුකිරි කන්දෙන්
සීතල පහසක් දැණුනා සීතල නින්දෙන්
කොපුල දෑල හාදු ගලායා
කුමරි ළඟින් සුවඳ සලායා

 
සුසුම් කිමැයි මෙතරම් උණුසුම්
කසුන් කියඹු සසෙලෙයි මිහිරෙන්
බියෙන් සැකෙන් උන්නොත් දුරකින්
සැනසුම යයි කන්දෙන් පල්ලම්


 
මනාලියේ ලැජ්ජා ඇත්නම්
දෑස වසා ගනු මැන දෝතින්
රාත්‍රිය ගෙවිලා යයි විගසින්
දුන මැන ඉල්ලන රස මධුපැන්","[{'Metaphor': 'මී පැණි රහසක්', 'Meaning': 'රහස මී පැණි මෙන් මිහිරි ය', 'SourceDomain': 'මී පැණි', 'TargetDomain': 'රහස'}]"
25,Me Ayurin Api ,මේ අයුරින් අපි,T.m.jyharathna,T.M.Jayarathna,"සම්භාව්ය, පැරණි පොප්ස්","Classics,Old Pops",අජන්තා රණසිංහ,Ajantha Ranasinghe,ප්රේමසිරි කෙමදාස,Premasiri Khemadasa,4841,"මේ අයුරින් අපි සංසාරේ 
ආදරයෙන් හමුවෙන්න ඇතී
මේ අයුරින් අපි දවසක් දා 
සසර මගදි වෙන්වෙන්න ඇතී 




සාලිය මාලා පෙම්බැඳිදා මං 
සිටු කුමරෙකුවී ඉන්න ඇතී 
ඒ සිටු කුලයේ කුමරිය වී ඔබ 
මේ ලෙස මට රිදවන්න ඇතී 


අපරාජිතයැයි ඔබ පිදු ප්‍රේමය 
පුදසුන මත පරවෙන්න ඇතී
සාගර ජලයත් මදි හැඬුවා මම 
ඔබ හින්දා ඔබ දන්නෙ නැතී


ආත්ම ගනනේ ඔබෙ පය පාමුළ 
මගෙ කඳුලින් සේදෙන්න ඇතී 
එදත් මගේ දුක් ආයාචනයට 
අද මෙන් ඔබ හිනැහෙන්න ඇතී","[{'Metaphor': 'මං \r\r\nසිටු කුමරෙකුවී', 'Meaning': 'ඔහු සාලියායා ද වේ', 'SourceDomain': 'ස්ථාන කුමාරයා', 'TargetDomain': 'ඔහු'}, {'Metaphor': 'මී පැණි රහසක්', 'Meaning': 'ඇය මයලාවා සිට කුමාරිකාවක්', 'SourceDomain': 'කුමරිය පිහිටි කුමරු', 'TargetDomain': 'ඈ'}]"
26,Mama Gannemi ,මම ගන්නෙමි,එච්.ආර්. ජෝතිපාල,H.R.Jothipala,"ගෝල්ඩන් පොප්, චිත්රපට ගීත","Golden Pop,Movie Songs",ධර්මසිරි ගමගේ,Dharmasiri Gamage,R.muthhusaami,R.Muththusami,6133,"මම ගන්නෙමි කරකාර බන්දාලා පුංචි 
හාමිනේ වලව්වෙන් දැන්
මම ඉන්නෙමි මහ රාජා වාගේ මේ ගමේ  
කාටත් උදව් කරමින් //



 
වලවේ හාමුට කියනවා මං පුංචි හාමි මගේ මනමාලී  //
පුල්ලි ගොනා බැදි බර බාගෙන්  ඇය ගෙදරට කැන්දම් එමී //
මම එහෙම එනකොට පාර දිගේ මේ යාළුවෝ එකතුවෙලා
මල් දාලා වෙඩි ගහලා පිලිගත්තා ඔයා මගෙ මාස්ටර් ඔයා කියලා

 
ඉස්සර මං වාගේ උදවියටයි රජ කුමරියෝ ආලේ කරේ //
දැන් කාලේ ඒවාගේ බැරි ඇයිදෝ මට යතුරත් දිලයි ගියේ //
මගේ යාළුවො ඔක්කොම මනමාලී එක්කල නග්ගලා බරබාගේ
මම එන්නමි ඇය කැන්දම් මගේ මාස්ටර් බලන්නට රජ පෙරහැර වාගේ","[{'Metaphor': 'මම ඉන්නෙමි මහ රාජා වාගේ මේ ගමේ', 'Meaning': 'ඔහු ගමේ බලවත් හා කාරුණික මිනිසෙකි', 'SourceDomain': 'රජ', 'TargetDomain': 'ඔහු'}]"
27,Adaraye Ulpatha Wu ,ආදරයේ උල්පත වූ,වික්ටර් රත්නායක,Victor Rathnayaka,"සම්භාව්ය, ආශ්වාදයක්","Classics,Inspirational",ප්රේමකීර්ති ද අල්විස්,Premakeerthi De Alwis,වික්ටර් රත්නායක,Victor Rathnayaka,7419,"ආදරයේ උල්පත වූ අම්මා මා ඔබගේ පුතු වූ….
ඔබ මතු බුදුවන දවසේ මා රාහුල කුමරුන් සේ 
සෙවන පතා අද මෙන් පැමිණෙන්නෙමි
සුළැගිල්ලේ එල්ලී

 

 
සඳ දිය කොට කිරිවතුරෙන් 
ඒ දියරෙන් මුව දෝවා
දිව මතුරක්වන් නැලැවිලි ගීයෙන් 
මතකයි මා නැලැවූවා
ජීවිතයෙන් ජීවිතයක් ගෙන දී 
ඒ ජීවිතයට කිරි දී පණ දී
මා දැඩි කල අම්මා

 
තුරුලට ගෙන අත් පා හැඩ ගස්වා 
නිදි ගන්වා යහන් ගැබේ
සිහිනෙන් ගෑ සුවඳක් මෙන් 
සිහිවෙයි ඒ කිරි සුවඳ ඔබේ
දවසින් දවසට සෙනෙහස ලබැදී 
ගෙන දී දිවියට නව පන ලැබදී
මා දැඩි කල අම්මා","[{'Metaphor': 'ආදරයේ උල්පත වූ අම්මා මා ඔබගේ පුතු වූ…', 'Meaning': 'මවගේ ප්රේමය සෑම කෙනෙකුගේම පළමු ආදරය වන අතර එය කිසි විටෙකත් අහිමි නොවේ.', 'SourceDomain': 'ආදරයේ ප්රභවය', 'TargetDomain': 'මව'}, {'Metaphor': 'දිව මතුරක්වන් නැලැවිලි ගීයෙන්', 'Meaning': 'මවගේ නල්විලි ගීත දිව්යමය ලෙස මිහිරි ය.', 'SourceDomain': 'දිව්ය සාරය', 'TargetDomain': 'නාලිවිල් ගීතය'}]"
28,Amma Sandaki ,අම්මා සඳකි,T.m.jyharathna,T.M.Jayarathna,සම්භාව්ය,Classics,මාලානි ජයරත්න,Malani Jayarathna,රොහානා වීරසිංහ,Rohana Weerasingha,7284,"අම්මා සඳකි මම ඒ ලොව හිරුය රිදී 
ඒ ඉර හඳෙන් නුඹෙ ලෝකය එලිය වුනී 
රැකුමට පුතුන් දිවියේ දුක් ගැහැට විඳී 
පිය සෙනෙහසට කව් ගී ලියැවුනා මදී 


සිරුරේ දුවන්නේ මගෙ ලේ නොවැ පුතුනේ 
කුසයේ නොදැරුවත් දිවි බර මට දැනුනේ 
මහමෙරකට උසයි දරු පෙම හද පතුලේ 
පුදුමයි පුතුනි කිම මගෙ ලේ කිරි නොවුනේ


මවකට මුවාවී නුඹ වෙත දිරි දුන්නේ 
මම වෙමි පුතුනි එය මා පමණයි දන්නේ 
පිය සෙනෙහස නැතිද දරුවනි හඳුනන්නේ 
අම්මාවරුන් පමණද මතු බුදු වන්නේ","[{'Metaphor': 'අම්මා සඳකි', 'Meaning': 'ඇය සඳ මෙන් සිසිල් හා දීප්තිමත් ය', 'SourceDomain': 'සඳ', 'TargetDomain': 'මව'}, {'Metaphor': 'මහමෙරකට උසයි දරු පෙම හද පතුලේ', 'Meaning': 'තාත්තා මහමේරා වැනි තම දරුවාට ආදරෙයි', 'SourceDomain': 'මහමේර', 'TargetDomain': 'ආදරය'}]"
29,Kekiri Pelena ,කැකිරි පැලෙන,M.s.fernando,M.S.Fernando,ගෝල්ඩන් පොප්,Golden Pop,නොදන්නා,Unknown,නොදන්නා,Unknown,1539,"කැකිරි පැලෙන ටිකිරි සිනාවයි 
ඇගේ ගමන බිමන නාරි ලතාවයි //
කිංකිණි කිංකිණි කිංකිණි කිංකිණි 
කිංකිණි කතාවයි//




ආදරෙන් බලන්න හිතෙනවා ආදරෙයි කියන්න හිතෙනවා
කෝප වෙයි නොවෙයිද සිතෙනවා ඈ මා ළඟින්ම පාද තබනවා
වාසනාව මෑත පෙනෙනවා -රහසකින් රසින් ඇසෙනවා
ආසාවෙන් දෑස වැහෙනවා -රෝස මල් ලොවක් මැවෙනවා
ඈ මා ළඟින් මා ළඟින් පාද තබනවා//
    
 
රන් තොරන් බඳින්න ඕනද - පාවඩ එලන්න ඕනද
හේවිසි වයන්න ඕනද - ඔය දෙපා තබන්නේ එහෙමද
මල් සරාට වැරදිලා වගේ - මට පෙනෙන්නෙ වැරදිලා වගේ
රුව තරම් සිත නොවෙයි ඇගේ ආදරේ එපා කියයි මගේ
ඈ මා ළඟින් මා ළඟින් පාද තබනවා//","[{'Metaphor': 'ඇගේ ගමන බිමන නාරි ලතාවයි', 'Meaning': 'ඇය නාරි ලිටා තරම් ලස්සනයි', 'SourceDomain': 'නාරි ලිටා', 'TargetDomain': 'ඈ'}]"
30,Mihimadale ,මිහි මඬලේ,නන්ද මලනි,Nanda Malani,"සම්භාව්ය, ආශ්වාදයක්","Classics,Inspirational",W.a.abeysinghe,W.A.Abeysinghe,නන්ද මලනි,Nanda Malani,2461,"මිහි මඬලේ අඳුරු කුසේ දිය උල්පත අම්මා
අහස් තලෙන් මරු කතරට වහින වැස්ස අම්මා
නිල් දෙරණේ තුරුලිය මත මල් සම්පත අම්මා
තුරුලිය මත පිපි කුසුමේ ඵල සම්පත අම්මා



 
සිය දහසක් නෙක ලෝදා….. එළිය කරන අම්මා
සොලොස් කලා පිරි පුරහඳ එළිය කරන අම්මා

 
සඳ නැති රෑ සක්වල තරු……….. එළිය කරන අම්මා
උදා ගිරෙන් ලොවට වඩින ලහිරු මඬල අම්මා","[{'Metaphor': 'මිහි මඬලේ අඳුරු කුසේ දිය උල්පත අම්මා', 'Meaning': 'මව දිය උල්පතක් වැනි වටිනාකමක්', 'SourceDomain': 'දිය උල්පත', 'TargetDomain': 'මව'}, {'Metaphor': 'අහස් තලෙන් මරු කතරට වහින වැස්ස අම්මා', 'Meaning': 'මවක් යනු අහසින් කාන්තාරයට ඇද වැටෙන වර්ෂාව වැනි වටිනාම සම්පතකි.', 'SourceDomain': 'වැස්ස', 'TargetDomain': 'මව'}, {'Metaphor': 'නිල් දෙරණේ තුරුලිය මත මල් සම්පත අම්මා', 'Meaning': 'මල් ගස් ලස්සන කරයි වගේ, අම්මා දරුවන්ගේ ජීවිතය සුන්දර කරයි.', 'SourceDomain': 'මල', 'TargetDomain': 'මව'}, {'Metaphor': 'තුරුලිය මත පිපි කුසුමේ ඵල සම්පත අම්මා', 'Meaning': 'මව දරුවාට වටිනාකමක් ලබා දෙයි', 'SourceDomain': 'කෑම', 'TargetDomain': 'මව'}]"
31,Obai Ramya Sanda ,ඔබයි රම්‍ය සඳ කිරණ,නන්ද මලනි,Nanda Malani,සම්භාව්ය,Classics,සුනිල් ආරියරත්න,Sunil Ariyarathna,එච්.එම්. ජයවර්ධන,H.M.Jayawardhana,1677,"ඔබයි රම්‍ය සඳ කිරණ ඝණ අන්ධකාරේ
ඔබයි සෞම්‍ය තරු එළිය ගිම්හාන කාලේ …//



 
සදානන්ද කරවූ ඔබේ මධුර රාවෙන්
පිපී ආමි අරවින්දයක් සේ තඪාගේ



 
උදාවූ සුපෙම් දම් නුසුන්වී රැඳේවා
මගේ පුංචි ලෝකේ තැවුල් දුක් නොවේවා","[{'Metaphor': 'ඔබයි රම්\u200dය සඳ කිරණ', 'Meaning': 'ඔහු සඳ වැනි ඇගේ ජීවිතය දීප්තිමත් කරයි', 'SourceDomain': 'සඳ', 'TargetDomain': 'ඔහු'}]"
32,Raja Maduraka ,– රජ මැදුරක,මලනි බුලත්සිංහල,Malani Bulathsinhala,සම්භාව්ය,Classics,ලුෂාන් බුලත්සිංහල,Lushan Bulathsinhala,එච්.එම්. ජයවර්ධන,H.M.Jayawardhana,3203,"රජ මැදුරක ඉපදී සිටියානම් 
නුඹත් රජෙකි පුතුනේ
හිරිකඩ බාගෙන පොල් අතු ඉගිලෙයි 
අද නුඹෙ සිරියහනේ
හීනෙන් හිනා නොවී මා හඬවාපන් මේ රෑ යාමේ



පුංචි පැටික්කන් මඟ දිග හඩවන 
සිල්ලර රසකැවිලි
දුව යන ඉගිලෙන විසිතුරු සෙල්ලම් 
යානා පෙනී පෙනී
අහක බලාගෙන මගදිග යන විට නෑ මට වාවන්නේ
හීනෙන් හිනා නොවී මා හඬවාපන් මේ රෑ යාමේ

ඉද හිට මොලවන ලිපත් දනී පුත 
කැද රස සුනු සහලේ
දිව බොදුනක් සේ දිව ගා ඇල්මෙන් 
අකුරට දිව යන්නේ
ඇදලා කල් ගිය රෙදි වැරලි නෑ මට වාවන්නේ
හීනෙන් හිනා නොවී මා හඬවාපන් මේ රෑ යාමේ","[{'Metaphor': 'නුඹත් රජෙකි පුතුනේ', 'Meaning': 'අම්මා පවසන්නේ පුතා රජ වන්නේ නම් ඇයට මුදල් තිබේ නම්', 'SourceDomain': 'රජ', 'TargetDomain': 'පුතා'}, {'Metaphor': 'කැද රස සුනු සහලේ දිව බොදුනක්', 'Meaning': 'ඔවුන් ඉතා දුප්පත් ය', 'SourceDomain': 'දිව්ය සාරය', 'TargetDomain': 'කෑම'}]"
33,Adi Seeye ,– අඩි සීයේ,චමාරා වීරසිංහ,Chamara Weerasinghe,වත්මන් ගීත,Current Songs,චමාරා වීරසිංහ,Chamara Weerasinghe,චමාරා වීරසිංහ,Chamara Weerasinghe,819,"අඩි සීයේ පාර ගාව දුටුවා නුඹෙ නීල දෑස 
සංකර නැති පිංකර ඇති නෙළුම් පොඩිත්තී 
මගෙ වාරේ ආපුවාම ආදරෙ ගැන විමසුවාම 
වහන් නොවෙන් කිසි දවසක කෝල හිතැත්තී
සසර පුරා ඔබව සොයා ආව වගේ දැනෙන්නේ 
ආල නුරා කෝල කතා කවදද මට කියන්නේ 
අඩි සීයේ පාර ගාව දුටුවා නුඹෙ නීල දෑස 
සංකර නැති පිංකර ඇති නෙළුම් පොඩිත්තී

වැව් ඉස්මත්තේ පිණිපොද වැස්සේ යනවිට වරලස විහිදාලා
හදවත අස්සේ සිතිවිලි ගැස්සේ කොහොමද ඉන්නේ ඉවසාලා
බලන්න හඳහන් ගලපා කියන්න කැමතිද කියලා
රන් සඳ වැනි පින්කඳ මගෙ නෙළුම් පොඩිත්තී//


මල් මකරන්දේ බොල් පිණි නිල්ලේ සුව හද පතුලට ගෙන්වාලා 
මානෙල් පෙත්තේ සුසිනිඳු පැත්තේ රුව මා නෙතඟට කැඳවාලා
බලන්න හඳහන් ගලපා කියන්න කැමතිද කියලා 
රන් සඳ වැනි පින්කඳ මගෙ නෙළුම් පොඩිත්තී//","[{'Metaphor': 'නුඹෙ නීල දෑස', 'Meaning': 'ඇගේ ඇස් ඉතා ආකර්ෂණීයයි', 'SourceDomain': 'නිල්', 'TargetDomain': 'ඇස්'}]"
34,Paya A Sanda ,පායා ආ සඳ,මිල්ටන් මල්ලවරාච්චි,Milton Mallawarachchi,"ගෝල්ඩන් පොප්, ඉල්ලීම","Golden Pop,Request",කරුණාරත්න අබේසේකර,Karunarathna Abeysekara,M.k.rookami,M.K.Roksami,6223,"පායා ආ සඳ අඳුරු වළාවෙන්
මා ඉදිරියෙදිම වැසුනා
සෝකය තාපය පාළුව අතරේ
ඉකිබිඳ හැඬුවා ඇසුණා

  				


හද විමනේ බිතු සිතුවම් 
කිලිටි කළේ ඔබෙ දෑතයි //
නොපැතු වියෝගයෙ මහ වරුසාවෙන්
දෑත දෙපය මගෙ සීතයි
දෑත දෙපය මගෙ සීතයි



ඔබ පැමිණී ඔබම ගියා 
නැවතුණ තැන මම ඉන්නම් //
මගෙ සහයෝගය පතන වෙලාවේ
කොහි සිට හෝ යළි එන්නම්
කොහි සිට හෝ යළි එන්නම්","[{'Metaphor': 'හද විමනේ', 'Meaning': 'ඇය ඔහුගේ හදවත විනාශ කරයි.', 'SourceDomain': 'නිවස', 'TargetDomain': 'හදවත'}]"
35,Sihinayaki Oba ,සිහිනයකි ඔබ,"බන්ඩාරා අනතුඩා, නිරංජල සරිරොජිනි","Bandara Athauda,Niranjala Sarojini",යුගල,Duets,කුසුම් පියරිස්,Kusum Pieris,එච්.එම්. ජයවර්ධන,H.M.Jayawardhana,2656,"හ්ම් හ්ම්ම්ම් ම්ම් ම්හහා හා හහ හාහා


සිහිනයකි ඔබ නිහඬ මැදියම් රෑ
නිදන නෙත් යුග සනසනා
සිතුම් රැළි ඔබ තනිව හිදි වේලේ
නිහඬ මා හද සනසනා




ඉරකි ඔබ මට සදකි ඔබ මට
කිසිදු කිසි විට සමුනොගන්නා
සයුරු රළ ඔබ ඈත සමුදුර
සයුරු තෙර මා හමුවනා



යුග ගණන් අප වෙන්ව ආ මඟ
සොදුරු නිම්නෙක එක්වෙලා
දුක් සුසුම් නැති අපේ ලොව තුල
සිනා මල් පෙති විසිරිලා



හිරුට තනි නැත සදුත් නැත තනිවී
එකම අහසක හමුවෙලා
ලොවම සසලව බලා සිටියාවේ
යලිදු අප ඇත ළංවෙලා


හ්ම් හ්ම්ම්ම් ම්ම් ම්හහා හා හහ හාහා///

හ්ම් හ්ම්ම්ම් ම්ම් ම්හහා හා හහ හාහා","[{'Metaphor': 'සිහිනයකි ඔබ', 'Meaning': 'ඇය ඔහු ගැන සුන්දර සිහිනයකි.', 'SourceDomain': 'සිහිනය', 'TargetDomain': 'ඈ'}]"
36,Hadawatha Illa ,හදවත ‍ඉල්ලා,ප්රියා සූරියසේන,Priya Sooriyasena,පැරණි පොප්ස්,Old Pops,වර්නන් පෙරේරා,Vernon Perera,ස්ටැන්ලි පියරිස්,Stanley Pieris,3275,"හදවත ‍ඉල්ලා නොලැබුණු විටදී
දහසක් සිතුවිලි මා හදතුල තෙරපී
මිතුරිය ඔබ කෙලෙසක හෝ අමතක කරමී
නොපිරූ පෙරුමන් පුරලා කුමටද ලතැවී


ඔය නෙතු අග රැඳී තිබූ නිල්මිණි ඡායා
දැක මා හදවත සසැලී සෙනෙ‍හස කීවා


මතු අප උපදින භවයේ යළි හමු වේවා
ඔය නෙතු අග සිසිල රැඳී මට ළං වේවා","[{'Metaphor': 'ඔය නෙතු අග රැඳී තිබූ නිල්මිණි ඡායා', 'Meaning': 'ඇගේ කඳුළු නිල් මැණික් හා සමානයි', 'SourceDomain': 'නිල් මැණික්', 'TargetDomain': 'කඳුළු'}]"
37,Mama Kandulu Binduwak ,මම කඳුළු බිංදුවක්,දීපිකා ප්රියදර්ශනී,Deepika Priyadarshani,නව පොප්,New Pop,රත්න ශ්රී විජේසිං,Rathna Sri Wijesinge,රොහානා වීරසිංහ,Rohana Weerasingha,1686,"මම කඳුළු බිංදුවක්
සීතලට දැනෙන සිත රිදවන කඳුළු බිංදුවක්//
මම කඳුළු බිංදුවක්


දරු සෙනේහයෙන් මවක නෙතින් ගලා හැලුණ
ප්‍රිය වියෝගයෙන් විරහිනියක ඇසින් මිදුන//
ඒ කඳුළු බිඳක නමක් ගමක් ලියා තියෙනවද 



රළු පරළු කුරිරු හදක් වෙඬරු වී වැගිරෙන
ගිනි ගැණුනු පෑල මල් දෙකොපුල රෑරා එන//
මට එකතු වෙන්න ඔබේ ඇසෙත් කඳුළු තියෙනවද","[{'Metaphor': 'මම කඳුළු බිංදුවක්', 'Meaning': 'ඇය අසරණ වන්නේ හෘදයාංගම කඳුළු බින්දුවක් මෙනි', 'SourceDomain': 'කඳුළු', 'TargetDomain': 'ඈ'}]"
38,Ma Adarei Nangiye ,මා ආදරෙයි,අනිල් භාරතී,Anil Bharathi,ගෝල්ඩන් පොප්,Golden Pop, ,, ,,2791,"මා ආදරෙයි නංගියේ මා ආදරෙයි 
මගේ ආදරේ මුතුකැට මෙන් සාගරේ 
නැලවී නැලවී හිනැහී හිනැහී
හදෙහි සැමදා පවතී //  


ඔබේ සුරතල් මුහුණ බලන්නට මම හරි ආසයි 
ඔබේ බොළඳ කතා අසන්නට මට හරි ආසයි // 
සෙල්ලම් කරලා මිදුලේ දුවලා 
ජම්බු වගේ ඔබේ මුහුණ රතු වෙනවට ආසයි 



සංඩු කරන්නට මා හා සැමදා හරි සූරයි 
බිංදු බිංදු වැස්සේ සෙල්ලම් කරන්න ආසයි //
පාඩම් කරලා මිදුලේ දුවලා 
ජම්බු වගේ ඔබේ මුහුණ රතු වෙනවට ආසයි","[{'Metaphor': 'මගේ ආදරේ මුතුකැට මෙන් සාගරේ', 'Meaning': 'සාගරයේ මුතු ඇටයක් මෙන් ආදරය වටී', 'SourceDomain': 'මුතු', 'TargetDomain': 'ආදරය'}]"
39,Ma bala kale ,– මා බාල කාලේ,C.t.fernando,C.T.Fernando,"කැලිප්සෝ, ක්ලැසික්, ආනුභාව ලත්","Calypso,Classics,Inspirational",මලනි විජිත විජේවීර,Malani Vijitha Wijeweera,C.t.fernando,C.T.Fernando,546,"මා බාල කාලේ අම්මාගෙ උකුළේ 
නැළවුණු තාලේ මට තාම සිහිවේ//
පෑ ආදරේ මා හොවමින් තුරුල්ලේ නෑ හීනවූයේ මෑණී මගේ
ඈ දුන් ඔවා මී ගඟුලේහි නාමි
මට තාම සිහිවේ ඇගෙ ගීත රාවේ
මා බාල කාලේ අම්මාගෙ උකුළේ
නැළවුණු තාලේ මට තාම සිහිවේ



ඉගෙනීම ඔබගේ ධනයයි සිතා ඉවසීම කරුණා ගුණදම් ගොතා
දුරලන්න වංචා මද මාන ඊර්ෂ්‍යා 
මේ වාගෙ මට ඈ අවවාද දුන්නා


මේ පුංචි ලංකා ඔබගේ පුතේ ඈ රැක්ම ඇත්තේ පුතුගේ අතේ
නංවාලා ස්නේහේ රටදෑ කෙරේහි 
රැකගන්න හැමදා ඇගෙනාමෙ පුතුනේ","[{'Metaphor': 'ඉගෙනීම ඔබගේ ධනයයි සිතා', 'Meaning': 'ඉගෙනීම යනු වල්ලූටෙවල ධනයයි', 'SourceDomain': 'ධනය', 'TargetDomain': 'ඉගෙනීම'}]"
40,Ma Dathe Weli,– මා දෑතේ වේලි,ලලිත් පොන්නම්බෙපෙරුමා,Lalith Ponnamperuma,"පැරණි පොප්ස්, ඉල්ලීම","Old Pops,Request",නොදන්නා,Unknown,නොදන්නා,Unknown,763,"මා දෑසේ වේලි වෙරළේ සයුරු තෙරේ 
ඒ සැන්ද වෙලාවේ හමුවූ ඔබ කව්දෝ ලන්දේ
රන් සමනලියක් පියාසලා එනවාදෝ සිතුනා
සුදු මුදු වෙරළේ සුව විදිනා දිය කිඳුරුදෝ සිතුනා
දෙනෙත් ඔබේ රුව විමසනවා සිතත් විඩා වෙනවා
නීල වරළ පිට මැදට හෙළා ඉඟ සුඟ නලවාලා
නුවන් පුරා මදහස පතුරා කෙටි පියවර ඔබ මැන්නා
සීගිරියේ මල් කුමාරියෝ සිහිවේ ඔබ හින්දා","[{'Metaphor': 'රන් සමනලියක්', 'Meaning': 'ඇය රන් සමනලයා මෙන් ලස්සනයි', 'SourceDomain': 'ගෝල්ඩන් සමනලයා', 'TargetDomain': 'ඈ'}]"
41,Lowe Koyi Katath ,– ලොවේ කොයි කාටත්,රොහානා සිරිවර්ධන,Rohana Siriwardhana,පැරණි පොප්ස්,Old Pops,කිත්සිරි නිමල් ශාන්ත,Kithsiri Nimal Shantha,දියමන්ති පෙරේරා,Diamond Perera,534,"ලොවේ කොයි කාටත් හොරෙන්
ලැගුම් ගන්නම් ඇසිල්ලක් මා 
ඔබේ සිත් යහනේ //


 
නින්ද නොමැතිව හිඳින විට ඔබ
කවුළු දොර ළඟ මග බලා
සුළං රැල්ලේ එතී එන්නම්
මුවැත්තියෙ මා ඔබ සොයා 


සුසුදු කවි ගී සෙමින් මුමුණන
ඔබේ තනි නොතනිය මකා
ළසඳ කැල්මේ වෙලී එන්නම්
මුවැත්තියෙ මා ඔබ සොයා","[{'Metaphor': 'ඔබේ සිත් යහනේ', 'Meaning': 'ඇගේ හදවත ඇඳක් මෙන් සැපපහසුයි', 'SourceDomain': 'ඇඳ', 'TargetDomain': 'හදවත'}]"
42,Lowama Nidana Rathriye ,ලොවම නිදන රාත්‍රියේ,නාමල් උඩුගම,Namal Udugama,"නව පොප්, ඉල්ලීම","New Pop,Request",නාමල් උඩුගම,Namal Udugama,නාමල් උඩුගම,Namal Udugama,5898,"ලොවම නිදන රාත්‍රීයේ
මා නොනිදන මේ රැයේ
සිහින ගෙනාවේ සිහින ගෙනාවේ//


ඔබ මා හමුවී එදා
වෙන් නොවනා ලෙස කියා //
අප හදවත් එකට බැඳී
එලෙස ඉමු කියා
 


මා අඳුරේ සඟවලා
ඔබ ඔහු සමගින් ගියා //
නැතිවද කුමරියේ ඔබට
මා මතක් වෙලා","[{'Metaphor': 'නැතිවද කුමරියේ ඔබට', 'Meaning': 'ඔහු ඇයට බොහෝ ආදරය කරයි', 'SourceDomain': 'කුමරිය', 'TargetDomain': 'ඈ'}]"
43,Oba Dedunna ,ඔබ දේදුන්න,මර්වින් පෙරේරා,Mervin Perera,පැරණි පොප්ස්,Old Pops,සුනිල් ආරියරත්න,Sunil Ariyarathna,පුන්නසිරි මහාවත,Punyasiri Mahawaththa,2379,"ඔබ දේදුන්න ආකාසයේ
අන්දා තබා යන තෙක් විත් බලා
එය සේදෙන්න වැහි මේකුලේ
සැංගී හඹා එමි කඳුලැල් සලා
ඔබ දේදුන්න ආකාසයේ


	
 
සුළ‍ඟේ නළවා පෙර සේ එනවා
ඔබ මා.. කළඹා
කිමදෝ යන්නෙ නොරැඳී ගලා//

 
ගගනේ පියඹා කැදලි නොඅඹා
ඔබ ආ.. ගිය දා
සිට මා ඉන්නේ උමතු වෙලා//

 
ඔබ මල් විලකි මා එහි මලකි
සුවඳින්.. කැලතී
යමු පීනන්න දියවැල් සලා//","[{'Metaphor': 'ඔබ දේදුන්න ආකාසයේ', 'Meaning': 'ඇය දේදුන්නක් තරම් ලස්සනයි', 'SourceDomain': 'දේදුන්න', 'TargetDomain': 'ඈ'}, {'Metaphor': 'ඔබ මල් විලකි', 'Meaning': 'ඇය මල් වැවක් මෙන් ලස්සනයි', 'SourceDomain': 'මල විලක්', 'TargetDomain': 'ඈ'}]"
44,Oba Apple Malak ,ඔබ ඇපල් මලක්,අමරසිරි පීරිස්,Amarasiri Peiris,නව පොප්,New Pop,Kalum shreemal,Kalum Shreemal,සංගීත් වික්රමසිංහ,Sangeeth Wickramasingha,2043,"ඔබ ඇපල් මලක් වාගේ ලස්සන වසන්ත කාලේ 
මට හදිස්සියෙන් වාගේ හමුවූ 
පායන්න දෑස මානේ උණුහුමට ගින්දරී 
ගෙනියන්න මාගෙ ගානේ මේ හිතම සුන්දරී
දිගු දෑසේ බැල්ම ඔබගේ 
ඇයි සොදුරු ඔය හැටී
ඔබ ඇපල් මලක් වාගේ ලස්සන වසන්ත කාලේ 
මට හදිස්සියෙන් වාගේ හමුවූ 

   

 
ඇස් පියෙන් අදී කෑලි කැපෙන රළු රාත්‍රියේ 
කීරි ‍ගැහෙන සිත අනුහස අයදී ප්‍රේම‍යේ
එය පමණක් ශේෂය වී නම් පුර්වාත්මයේ
ඔබ ගැවසෙන මා සිත අවිනීතයි 
අවනත නැති නෙතටද අවිවේකයි
හුදකලාව අවනඩුවක් ගෑණු ළමයෝ

 
ඉටි රූපෙ අපූරුව විදින්න මං හරි ආසයි 
පින්තූරේ වගේ ඔබ හිනැහෙන කොට මට ලෝබයි
අහිතක් හිතන්නෙ නැති නම් මං හරි ආදරෙයි
ඔබ ගැවසෙන මා සිත අවිනීතයි 
ඊයේ අද මෙන් හෙටත් එහෙම වෙයි
හුදකලාව අවනඩුවක් ගෑණු ළමයෝ","[{'Metaphor': 'ඔබ ඇපල් මලක්', 'Meaning': 'ඇය ඇපල් මල මෙන් ලස්සනයි', 'SourceDomain': 'ඇපල් මල්', 'TargetDomain': 'ඈ'}, {'Metaphor': 'ඉටි රූපෙ අපූරුව', 'Meaning': 'ඇය අපූරු ඉටි රූපයක් මෙන් ලස්සනයි', 'SourceDomain': 'ඉටි රූපය', 'TargetDomain': 'ඈ'}]"
45,Nethata Ulelak ,නෙතට උළෙලක්,කරුණාරත්න ඩිවුල්ගනේ,Karunaratna Divulgane,සම්භාව්ය,Classics,මහින්ද දිසානායක,Mahinda Dissanayaka,ගුණදාස කපුගේ,Gunadasa Kapuge,1283,"නෙතට උළෙලක් විය එදා ඔබ 
කඳුළු බිදුවක් වුව මෙදා
මේ තරම් හිත පාරවන්නේ
මගෙන් වරදක් වුනිද මන්දා//


ඔබෙන් තොර වූ ලෝකයක් ගැන 
හිතන්නට වත් නොහැකි හින්දා
ඔබේ හිත වෙන අතක රන්දා
එපා දුක ගෙන එන්න කැන්දා



ඔබේ රුව රසදුනක් වූවට 
කමක් නැ මට තවත් ඇසකට
නමුදු ඒ රුව තවත් කෙනෙකුට 
අයිතිවෙනු බෑ දරාගන්නට","[{'Metaphor': 'කඳුළු බිදුවක් වුව මෙදා', 'Meaning': 'ඇය ඔහුට ආදරය කරන්නේ නැත', 'SourceDomain': 'කඳුළු', 'TargetDomain': 'ඈ'}]"
46,Nelum Male Pethi ,නෙළුම් මලේ පෙති,"එම්.එස්.ෆර්නැන්ඩෝ, මිරියාසල් ගුණතිලක","M.S.Fernando,Mariyasel Gunathilaka","කැලිප්සෝ, යුගල","Calypso,Duets",කරුණාරත්න අබේසේකර,Karunarathna Abeysekara,පැට්රික් ඩෙනිපිෂියා,Patrick Denipitya,2332,"නෙළුම් මලේ පෙති කඩලා ඔරුව සදාලා
වළාකුලෙන් රුවල් දමාලා
බාලොලියා මල් නටුවෙන් හබල් ගසාලා
පෙම් ගඟුලේ රැල්ල නගාලා
දේදුන්නෙන් එගොඩ වෙලා යමු නැලවීලා
සුරංගනා ලෝකේ සොයාලා
දේදුන්නෙන් එගොඩ වෙලා යමු නැලවීලා
සුරංගනා ලෝකේ සොයාලා


සුරංගනා ලෝකෙදි මම සුළඟක් වීලා
ඔබ නලවමි පවන් ගසාලා
පොකුණකට වෙලා මම මල් කැකුළක් වීලා
සුවඳ එවමි සුළඟෙ ඔතාලා
එවිට මල සොයා පියඹා එමි රුං ගාලා
මම සමනළයෙකු වාගේ සැරසිලා
සොඳුරු සමනළා එන කල මලට පියඹලා
පිළිගන්නම් පෙති විහිදාලා


 
මැණික් කැට අරන් පෙරලන පහළ ගල ගලා
මම නිල් දිය දහරක් වෙනවා
මමත් ඒ දියේ රන් වන් පාටින් දිලෙනා
මාළුවෙක් වෙලා පීනනවා
මටත් හරි හිතයි එහෙනම් අල්ලගන්නවා
මම රිදී දැලක් වාගේ මැවෙනවා
ඔබේ දැල සැපයි මම ඒ දැලට මැදි වෙලා
පෙම් ගීයක් කියා නටනවා","[{'Metaphor': 'සුරංගනා ලෝකෙදි මම සුළඟක් වීලා', 'Meaning': 'ඔහු ඇයට ආදරය කරන අතර සෑම විටම ඇයව සතුටු කිරීමට උත්සාහ කරයි', 'SourceDomain': 'සුළඟ', 'TargetDomain': 'ඔහු'}, {'Metaphor': 'මාළුවෙක් වෙලා පීනනවා', 'Meaning': 'ඔහු ඇයට ගොඩක් ආදරෙයි', 'SourceDomain': 'මාළු', 'TargetDomain': 'ඔහු'}]"
47,Nelanna Bari ,– නෙලන්න බැරි,මිල්ටන් පෙරේරා,Milton Perera,ගෝල්ඩන් ඕඩ්ලි,Golden Oldies,කරුණාරත්න අබේසේකර,Karunarathna Abeysekara,මොහොමඩ් සාලි,Mohommad Sali,848,"නෙලන්න බැරි මල් අතු අග මොටද පිපෙන්නේ
ලැබෙන්නේ නැති වස්තුවකට කිම සිත යන්නේ
 
ආලෝකය දිදී දිලෙයී පහන් ටැඹ දසුන්
ආලෝකය දිදී දිලෙයී.පහන් ටැඹ දසුන්
මා ගඟ මැද ඉවුරු දෙපස පෙනේ සුව දසුන්//

කුමුදාකරයෙහි නෙත් යුග යුවලක් දකිමී..
කුමුදාකරයෙහි නෙත් යුග යුවලක්   දකිමී.
සතපා පිබිදෙන සිතුවිලි ගොළුවත රකිමී


සුසුම් ගුලි වෙවී පැටලී හමන මාරුතේ
සුසුම් ගුලි වෙවී පැටලී හමන මාරුතේ
නොනිම් ගිම් නිවයි කළු දුම් වැලකි ජීවිතේ//","[{'Metaphor': 'කළු දුම් වැලකි ජීවිතේ', 'Meaning': 'කළු දුමාරයක් මෙන් ජීවිතය පැහැදිලි නැත', 'SourceDomain': 'කළු දුමාරය', 'TargetDomain': 'ජීවිතය'}]"
48,Oba Dakina Dakina ,ඔබ දකින දකින,M.s.fernando,M.S.Fernando,ගෝල්ඩන් පොප්,Golden Pop,M.s.fernando,M.S.Fernando,M.s.fernando,M.S.Fernando,1745,"ඔබ දකින දකින දිනක මහද පොකුණු තලාවේ
කිරි පැහැති සුසුදු සුමුදු සිනිදු කුමුදු හිනාවේ //
කුමුදු හිනාවේ මේ පොකුණු තලාවේ
පොකුණු තලාවේ කුමුදු හිනාවේ


මල් දහසක සුවඳින් සුවඳ වෙලා
කුංකුම පිණි දිය ගා නළලෙ උලා
රන්වන් කැළුම් නංවලා 
මල් දහසක සුවඳින් සුවඳ වෙලා
කුංකුම පිණි දිය ගා නළලෙ උලා
බඳ වටලා සළු පටලා සළු පටලා බඳ වටලා



පෙති ගෝමර ඉසිලා ළය තුරුලේ
සඳ බැබලේ රැඳිලා වත මඩලේ
නිල් තරු දෑසෙ හැංගිලා
පෙති ගෝමර ඉසිලා ළය තුරුලේ
සඳ බැබලේ රැඳිලා වත මඩලේ
ඔබ නැති දා ලොව නැත මා//","[{'Metaphor': 'නිල් තරු දෑසෙ හැංගිලා', 'Meaning': 'ඇගේ දෑස් නිල් පැහැති තරු මෙන් ලස්සනයි.', 'SourceDomain': 'නිල් තරුව', 'TargetDomain': 'ඇස'}]"
49,La Dalu Bo Path ,ලා දළු බෝ පත්,කරුණාරත්න ඩිවුල්ගනේ,Karunaratna Divulgane,සම්භාව්ය,Classics,රම්බුක්කන සිද්ධාර්ථ තෙරෝ,Rambukkana Siddhartha Thero,එච්.එම්. ජයවර්ධන,H.M.Jayawardhana,1355,"ලා දළු බෝ පත් සෙමින් සැලෙන සේ 
යශෝදරා දේවී
වාවනු බැරි තැන රහසේ හැඬුවා
පෙර සංසාරේ ඇසුර මතක් වී
ලා දළු බෝ පත් සෙමින් සැලෙන සේ


ලේන කුලේ සිට ආගිය මඟ තොට 
සිටියා නොසැලෙන පහන් ටැඹක් වී
නිවන් දකින තුරු මේ සංසාරේ
පසු පස ආවා සෙවනැල්ලක් වී



තැලී සෙනේ සිත සැලී හඬන විට
වැටී දෙපා ලඟ යශෝදරාවෝ
පිපී නිවන් මල් සාධුකාර දී
නිවී පහන් විය උදෑසනක් සේ","[{'Metaphor': 'පසු පස ආවා සෙවනැල්ලක් වී', 'Meaning': 'සිද්ධා කුමරුගේ සෙවණැල්ලක් ලෙස යශූධාරා කුමරිය ඔහුට උපකාර කරයි', 'SourceDomain': 'සෙවනැල්ල', 'TargetDomain': 'යශෝධ කුමරිය'}]"
50,Kiri Sudu Sele ,කිරි සුදු සේලේ,ක්ලැරන්ස් විජේවර්ධන,Clarence Wijewardena,පැරණි පොප්ස්,Old Pops,අජන්තා රණසිංහ,Ajantha Ranasinghe,ක්ලැරන්ස් විජේවර්ධන,Clarence Wijewardena,1874,"කිරි සුදු සේලේ   ඇඳි ඇගෙ ලෝලේ
  ගෙල බැඳි මාලේ  ඇගෙ නෙතු දෑලේ
  පියකරු ලීලේ   ඒ   එ




ආයන්න කියවන්නෙ ඈ
මී බින්දු රස දෙන්නෙ ඈ
සිත පුංචි රිදවන්නෙ නෑ 
පංතියේ 
    
 
ඔබෙ පුංචි ඒ පංතියේ
ඉඳගන්න සිතෙහි තියේ
ඉඩ දෙන්න බැරිදෝ ලියේ
පංතියේ","[{'Metaphor': 'කිරි සුදු සේලේ   ඇඳි ඇගෙ ලෝලේ', 'Meaning': 'ඇය කිරි සුදු රෙද්දක් වගේ සාධාරණයි', 'SourceDomain': 'කිරි සුදු රෙදි', 'TargetDomain': 'ඈ'}]"
51,Baluwath athi ,බැලුවත් ඇති,නාලින් පෙරේරා,Nalin Perera,"කණ්ඩායම් ගීත, ඉල්ලීම","Group Songs,Request",මේරියන්ස්,Marians,මේරියන්ස්,Marians,449,"බැලුවත් ඇති ඔයා දිහා නංගෝ
සිත සැනසුම ළඟට ගේනවා
ඔබ ගැන මම දන්නෙත් නෑ නංගෝ
සිත කැමතියි වාගෙ දැනෙනවා
මුව අද්දර ඔය සිනහව මටදෝ
සිත ඉල්ලන රුව ද සිතෙනවා


දිළිසෙන ඔය ඇස් දෙක මට
රුවණ්පුරේ මැණික් කැට වගේ
සිනා පුරන දත් පෙල මට
සලා පුරේ මුතු ඇට වාගේ



ලස්සන ඔය තොල් හැමවිට
තිසා වැවේ නෙලුම් පෙති වගේ
ඔබේ නීල වරලස මට
දුන්හිඳ දිය ඇල්ල ම වාගේ","[{'Metaphor': 'දිළිසෙන ඔය ඇස් දෙක මට රුවණ්පුරේ මැණික් කැට වගේ', 'Meaning': 'ඇගේ ඇස මැණික් මෙන් ලස්සනයි', 'SourceDomain': 'මැණික්', 'TargetDomain': 'ඇස'}, {'Metaphor': 'නීල වරලස මට දුන්හිඳ දිය ඇල්ල ම වාගේ', 'Meaning': 'ඇගේ කොණ්ඩය දිය ඇල්ලක් මෙන් ලස්සනයි', 'SourceDomain': 'දිය ඇල්ල', 'TargetDomain': 'හිසකෙස්'}]"
52,Kiri Weherata ,– කිරිවෙහෙරට යන,චමාරා වීරසිංහ,Chamara Weerasinghe, ,,ෂෙහාන් ගලිතියාව,Shehan Galahitiyawa,නොදන්නා,Unknown,755,"කිරිවෙහෙරට යන පාරේ මල් විකුණන මගෙ සීදේවී
සිදාදියෙන් එන දෙවිවරු මලක් වගේ හිත ඉල්ලාවී//

නිල් මානෙල් මලකට වැඩි
ඇස් දෙක ලස්සනයි කියාවී//
ලස්සන ඒ ඇසිපිය යට 
හීන තියා සුවඳ ගනිවී


මල් වික්කට කාසි වලට
නගරෙට හිත නොදෙන් දයාවී//
 මගෙ හිත කිරිවෙහෙර වගේ
සත්තයි පිවිතුරුයි ප්‍රියාවී","[{'Metaphor': 'මලක් වගේ හිත ඉල්ලාවී', 'Meaning': 'ඇගේ හදවත මලක් මෙන් පිරිසිදුයි', 'SourceDomain': 'මල', 'TargetDomain': 'හදවත'}]"
53,Baddata sanda wage ,– බැද්දට සඳ වගේ,චමාරා වීරසිංහ,Chamara Weerasinghe,වත්මන් ගීත,Current Songs,නොදන්නා,Unknown,නොදන්නා,Unknown,646,"බැද්දට සඳ වගේ ගෝමරි මල් මද කැකුළියේ
රන්දා පාහිතේ නැනී රන්කඳ වී මගේ
මං බැද්දේ ගොහින් බමර කොටක් ගෙනැල්ලා දෙන්නම්
ගම් බැද්දෙ ගොහින් ගෝතම් පොජ්ජක් ගෙනැල්ල දෙන්නම්//
බැද්දට සඳ වගේ ගෝමරි මල් මද කැකුළියේ
රන්දා පාහිතේ නැනී රන්කඳ වී මගේ


මහ හූරෝ සහේට ගන්නට හැදුවට//
යන්ට එපා උඹ යන්ට එපා
හිත්ලෑව මේ ඇත්තෝ අහක දමා//


මහ බල ඇති කළු බණ්ඩාර දෙවියන්ට
යදිනවා මං යදිනවා
මගෙ නෑනි සහේට ගන්ට හිතා//","[{'Metaphor': '– බැද්දට සඳ වගේ', 'Meaning': 'ඇය සඳ මෙන් ලස්සනයි', 'SourceDomain': 'සඳ', 'TargetDomain': 'ඇයට'}]"
54,Atha Epita ,ඈත එපිට,සනත් නන්දසිරි,Sanath Nandasiri,"සම්භාව්ය, ඉල්ලීම","Classics,Request",සුනිල් සරත් පෙරේරා,Sunil Sarath Perera,සනත් නන්දසිරි,Sanath Nandasiri,14020,"ඈත එපිට ගම්මානෙන් නැග එන 
බටලී හඬ අතරේ 
ඉතාම දුක්බර කවියක් මතුවෙද 
ඇය නිදි නොමැති පැලේ// 


මලානිකව හඳ එලිය ගලා එන 
අම්බලමක හෙව‍ණේ// 
බලා හිඳිමි ඔබ හිඳින විමන් දොර 
දැල්වෙන එළිය බඳේ



වේදනාව නෙතු අගට ගලාලා 
ඉකිලන නිහඬ රැයේ// 
නීල නුවන් තරු කැට බොඳ වෙනවා 
කාටත් හොර රහසේ","[{'Metaphor': 'නීල නුවන් තරු කැට බොඳ වෙනවා\xa0', 'Meaning': 'ඇගේ ඇස නිල් පැහැති තරු මෙන් ලස්සනයි', 'SourceDomain': 'තරු', 'TargetDomain': 'ඇස'}]"
55,Kande Lande ,– කන්දේ ලන්දේ,රොහානා බැඩ්ජ්,Rohana Baddage,සම්භාව්ය,Classics,රොහානා බැඩ්ඩාගා,Rohana Baddaga,රොහානා බැඩ්ජ්,Rohana Baddage,6119,"කන්දේ ලන්දේ ගඟුලැල්ලේ පේනා තෙක්මානේ
මන බැන්දේ ඉන්දේ 
සුව පහසේ වාසේ ගම්මානේ

  				


වෙල් යායේ දොළ පාරේ නිල්වන් ජලාසේ
ගං තීරේ ගුරු පාරේ සිරි දෙව් සිනාවේ//
ඒ මව් තුරුල්ලේ සුරූපී යොවුන් ලාලනී
සංකේත වූ වාසනාවේ... ගම්මානේ...



ඇල් හේනේ රුක් සෙවනේ ගෙපලේ විහාරේ
පූජාවේ බෙර නාදේ ගැමිගීත රාවේ//
මා පුංචි කාලේ ලෑබූ ආදරේ සුන්දරත්වේ
යයිදෝ නවෝදෙන් මැකීලා... ගම්මානේ.","[{'Metaphor': 'සංකේත වූ වාසනාවේ ගම්මානේ', 'Meaning': 'ඇය නිසා ගම ඉතා වාසනාවන්තයි', 'SourceDomain': 'සංකේතාත්මක වාසනාව', 'TargetDomain': 'ඈ'}]"
56,Kandan Yannam ,කැන්දන් යන්නම්,මිල්ටන් මල්ලවරාච්චි,Milton Mallawarachchi, ,,සෝමපාල ලීලානන්ද,Somapala Leelananda,සරත් දසනායක,Sarath Dasanayaka,1756,"කැන්දන් යන්නම් රන් මල් මාලා දාලා 
පායනා තරුවේ // 
තරු පළඳා මුතු පළඳා තරු මුතු වැල් පළඳා 
කැන්දන් යන්නම් රන් මල් මාලා දාලා 
පායනා තරුවේ

                                  


ටිකිරි කාලේදී ගැයු ඒ වැව් තෙරේ ආයේ 
පුංචි ඔරුවේ පාවෙලා යමු නෙළුම් විල් යායේ 
සඳ නැගිලා මල් පිපිලා වැව් තෙරේ ආයේ



සෙනෙහේ පායේ මාලිගාවේ මුතු සිනහ රාවේ 
සොයා සිහිනෙන් පාවෙලා ඈත කඳුයායේ 
නිමි වේවා කවදා හෝ මුතු සිනහ රාවේ","[{'Metaphor': 'පායනා තරුවේ', 'Meaning': 'ඇය තරු මෙන් දීප්තිමත් ය', 'SourceDomain': 'තරුව', 'TargetDomain': 'ඈ'}]"
57,Dedena Perada ,දෙදෙනා පෙරදා,මර්වින් පෙරේරා,Mervin Perera,පැරණි පොප්ස්,Old Pops,ප්රේමකීර්ති ද අල්විස්,Premakeerthi De Alwis,මර්වින් පෙරේරා,Mervin Perera,2578,"දෙදෙනා පෙරදා
හමුවී නොදොඩා නොබලා
වෙන් වූ තැන් කරා ආයෙමත් පැමිණිලා//
දෙදෙනා


	
 
දිගු කාලයක් ගෙවී ගියේ 
එක මොහොතක් ලෙසින්නේ ළඳේ
ඒ මොහොත දැන් දිගු කාලයක් ලෙස
ආයෙත් ගෙනල්ලා තියේ
අද මේ කියූ දේ ඊයේ වුණා නම්
අද ඊයේ වේවී ළඳේ

 
ඔබ ආදරෙන් සිනාසුනත්
අද අලුතින් උපන් මේ ලොවේ
විස ගෑවුනත් මධු පානයක් ලෙස
ඈ මා ළඟින් මිහිරියේ
අසනු සමා වී ආයේ පමාවී
කිසිදාක නොයෙනූ ළඳේ","[{'Metaphor': 'විස ගෑවුනත් මධු පානයක් ලෙස ඈ මා ළඟින් මිහිරියේ', 'Meaning': 'ඔහු තවමත් ඇයට ආදරෙයි', 'SourceDomain': 'මී පැණි බොන්න', 'TargetDomain': 'ඈ'}]"
58,Deadara wilikun ,– දෙඅදර විලිකුන්,මිල්ටන් මල්ලවරාච්චි,Milton Mallawarachchi,"ගෝල්ඩන් ඕඩ්ලි, ඉල්ලීම","Golden Oldies,Request",K.d.k.derderermaiving,K.D.K.Dharmawardhana,වික්ටර් රත්නායක,Victor Rathnayaka,37,"දෙඅදර විලිකුන් සුරත් පලේ
පෙම් මදිරා අයැදිමින් සැලේ
සීත මීදුම් සිහින වැල් පැටලේ...//

 

මුවරද රොන්සුණු සුවඳ විතේ
මින්දද දවසක ගෙනෙනු ඇතේ
නිලුපුල් නෙත් රත් තඹුරු වෙතේ
කැඳවයි ඔබ තව්තිසා වෙතේ
ජීවිතේ මී බිංදුවක් වාගේ


මධුවිත සැණෙකින් හිස් වෙනවා
දිවි තවලම කතරක යනවා
යෞවන බව හෙට නැති වෙනවා
කල් බැලු අය හිඳ ලතවෙනවා
ජීවිතේ පිනි බිංදුවක් වාගේ","[{'Metaphor': 'නිලුපුල් නෙත්', 'Meaning': 'ඇසට නිල් මැණෙල් මෙන් පිරිසිදු ය', 'SourceDomain': 'නිල් මැණෙල්', 'TargetDomain': 'ඇස'}, {'Metaphor': 'ජීවිතේ පිනි බිංදුවක් වාගේ', 'Meaning': 'ජීවිතය අවිනිශ්චිතයි', 'SourceDomain': 'පිනි බින්දුවක්', 'TargetDomain': 'ජීවිතය'}]"
59,Dayiwaye ,දෛවයේ සුළි සුළගේ,T.m.jyharathna,T.M.Jayarathna,පැරණි පොප්ස්,Old Pops,හේමසිරි හැල්පිටා,Hemasiri Halpita,ක්ලැරන්ස් විජේවර්ධන,Clarence Wijewardena,641,"දෛවයේ සුළි සුළගේ වෙලී 
ජීවිතේ පැතු පැතුමන් සිඳී 
මා කෙරේ බැඳී සෙනෙහෙ බිඳී 
ඇය යාවි ඇදී ...  ඇය යාවි ඇදී


පාළුවූ මා සිතින් -  චේතනා ගිලිහෙමින් 
නිමවූ අපේ -  ආදරේ වේදනා ගෙනේ 


වාලුකා මිරිගුවෙන් - මංමුලාවූ ලෙසින් 
තනිවී මෙසේ - මා ලයේ ප්‍රර්ථනා සිඳේ","[{'Metaphor': 'වාලුකා මිරිගුවෙන් - මංමුලාවූ ලෙසින්', 'Meaning': 'ඔහු මුළා කිරීම ඇගේ ආදරය අර්ථකථනය කළේය', 'SourceDomain': 'ඇගේ ආදරය', 'TargetDomain': 'මිරාජ්'}]"
60,Aruna Kirana Sali ,අරුණ කිරණ සැලී,ක්ලැරන්ස් විජේවර්ධන,Clarence Wijewardena,පැරණි පොප්ස්,Old Pops,ක්ලැරන්ස් විජේවර්ධන,Clarence Wijewardena,ක්ලැරන්ස් විජේවර්ධන,Clarence Wijewardena,1756,"අරුණ කිරණ සැලී
පිපුන මලක් වැනි තුරුනු වියේ වෙලී
තරුන ජීවෙ මගේ
තරුන ජීවෙ මගේ 




 කුරුල්ලෙකු සේ නිදහසේ 
 ඉගිල යන්නට නුඹ කුසේ 
 නිමක් නැති සිහිනයක සේ 
 සිතේ ඉමිහිරි ගී ඇසේ


 පිපෙන මල් ගොමු සොය සොයා 
 ගීතයෙන් ගීතය ගයා 
 සොදුරු සමනල කැළ සොයා 
 තුරුණු විය මා ගෙන ගියා","[{'Metaphor': 'පිපුන මලක් වැනි තුරුනු වියේ වෙලී තරුන ජීවෙ මගේ', 'Meaning': 'ඔහු ජීවිතය අලුත් මලක් මෙන් තරුණ ය', 'SourceDomain': 'මල', 'TargetDomain': 'ජීවිතය'}]"
61,Akuru Maki Nehe ,අකුරු මැකී නෑ,එඩ්වඩ් ජයකොඩි,Edward Jayakody,සම්භාව්ය,Classics,කුමාරදාස සපුත්තන්ත්රි,Kumaradasa Saputhanthri,රොහානා වීරසිංහ,Rohana Weerasingha,3523,"අකුරු මැකී නෑ කොළ ගැලවී නෑ 
බොඳ වී නෑ සිතුවම්
ඉස්සර වාගේ තාමත් මතකයි
හෝඩි පොතේ පාඩම් //  


මේ ඊරී  බිම සීරී කුණ්ඩුමණී හිස පීරී
දීසිය පුරවා දෝසී දමා කුමුදුමතී හිනැහේවී



අපි දුවමු අපි පනිමු ගී කියමු අපි නටමු
ඇත් පොරයට අපි ඇහැ යවමූ බාළ වියට පා නගමු","[{'Metaphor': 'ඇත් පොරයට', 'Meaning': 'අලි සටනේදී සෙල්ලම් කිරීම ඉතා ප්රීතිමත් ය', 'SourceDomain': 'අලි සටන', 'TargetDomain': 'සෙල්ලම් කිරීම'}]"
62,Akuru Satharakin ,අකුරු සතරකින්,මර්වින් පෙරේරා,Mervin Perera,පැරණි පොප්ස්,Old Pops,ප්රේමකීර්ති ද අල්විස්,Premakeerthi De Alwis,මර්වින් පෙරේරා,Mervin Perera,1562,"අකුරු සතරකින් මනස පැටලිලා
වැලි පිල්ලේ ලිය ලියා
ගළපන්න ට බැරිව ළතැ වුණා
ආදරයයි අකුරු සතර ඒ//


	
 
ආ යන්නෙන් මා පැතු ආදරේ
ද යනු ගිනි තියාලා දව දවා ගින්දරේ
ර යනු රළු බැවින් සවන් යුග වසා
ය යනු කීවේ යන්න ඔබ හැරා

 
වි යනු වියෝගේ මැව්වා සිතේ
වා යනු වාවන්න ට පෙළඹුවා නිරතුරේ
හ යනු හසරැළී නගන්නෙමි කියා
ය යනු යළි කීවේ එන්න ඔබ කරා","[{'Metaphor': 'අකුරු සතරකින් මනස පැටලිලා', 'Meaning': 'ආදර වචනයට අක්ෂර හතරක් ඇත', 'SourceDomain': 'අකුරු හතරක්', 'TargetDomain': 'ආදරය'}]"
63,Alawantha Neth Wida ,– ආලවන්ත නෙත් විදා(මුතු පලස),දයාසිරි ජයසේකර,Dayasiri Jayasekara,"වත්මන් ගීත, චිත්රපට ගීත, ඉල්ලීම","Current Songs,Movie Songs,Request",බුද්ධිකා කුලසේකර,Buddhika Kulasekara,මාධව හේවවසම්,Madhawa Hewawasam,2660,"ආලවන්ත නෙත් විදා මන්දහාස නංවනා
සඳකින්නරී සුන්දරී මුතුපලස මත දිදුලනා
මනබන්දිනී නන්දිනී මුතු පලස මත හිනැහිලා




සඳකැන් හොරෙන් මුව තවරලා 
මල් මල් ගවුමකින් ගත සරසලා
ඉදිකඩ උඩින් තරුනෙත් වසා
මතකයි තවත් අපි හිනැහුනා..
මතකයි......තවත් ඔයා හිනැහුනා..



සිහිලැල් සුලං රැල්ලක එතී..
වනමල් උයන් හැරදා අප සිටී..
මතකෙන් මකා අපි පෙම්කල හැටි..
මතකයි ඔයා මං හැරගිය හැටි..
මතකයි.......තවත් ඔයා හිටිහැටී..","[{'Metaphor': 'සඳකින්නරී සුන්දරී', 'Meaning': 'ඇය සෑහෙන්න සඩීකිදූර් කෙනෙක් වගේ', 'SourceDomain': 'සදීකායිඩූරිය', 'TargetDomain': 'ඈ'}]"
64,Kalak Awamen ,කලක් ඇවෑමෙන්,"ඇන්ජලින් ගුණතිලක, මිල්ටන් මල්ලවරාච්චි","Angelin Gunathilaka,Milton Mallawarachchi","යුගල, චිත්රපට ගීත, පැරණි පොප්ස්","Duets,Movie Songs,Old Pops",ධර්මසිරි ගමගේ,Dharmasiri Gamage,ක්ලැරන්ස් විජේවර්ධන,Clarence Wijewardena,1129,"කලක් ඇවෑමෙන් පෙරුම් පුරා 
සැසඳෙන පිවිතුරු සිතක් සොයා
සසර ගෙවා පැතුම් පුරා ගෙන 
ඔබ හමුවී නව කෙනෙක් වුණා  
කලක් ඇවෑමෙන් පෙරුම් පුරා 
මා සිටියා මග දෙනෙත් අයා
සිහින විමානෙන් ඔබ ඇවිදින් අද 
මා හදවත මල් ලොවක් කලා



 
ජීවිතයට පෙම් රස දැනිලා 
ආදරයක සෙවනැලි අතුරා
මා හදවත් විසිතුරු කරලා 
ඇඳි සිතුවම් නොම යයි මැකිලා
    
 
ආදර දෙවොලේ සීනු හඬින් 
මා සිත ඔබ වෙත කැඳවනවා
සීතල මීදුම් සේල ඉරා 
ගත දවටා ගෙන මා එනවා","[{'Metaphor': 'මා හදවත මල් ලොවක් කලා', 'Meaning': 'ඔහු ආදරයෙන් බැඳී සිටී', 'SourceDomain': 'මල් ලෝකය', 'TargetDomain': 'හදවත'}]"
65,Kadamandiye ,කඩමණ්ඩියේ,නන්ද මලනි,Nanda Malani,"ක්ලැසික්ස්, ගෝල්ඩන් ඕඩ්ලි","Classics,Golden Oldies",සුනිල් ආරියරත්න,Sunil Ariyarathna,එච්.එම්. ජයවර්ධන,H.M.Jayawardhana,3681,"කඩමණ්ඩියේ දොළ අයිනේ නුඹව පෙනී
නැවතී බලනවා මොහොතක් කොහොම හරී
කතා නැතිව සිටියත් ගොළු වෙලා අපී
දාහක් දේ තිබේ කීමට බැරුව වැසී

 
ගහ කොළ වලට දාහක් ඇස් ඇති හින්දා
සුළඟට සියුම් දාහක් කන් ඇති හින්දා
කවදාවත්ම නුඹ මට නොලැබෙන හින්දා
මුනිවත හොඳයි දෙබසින් දුක වැඩි හින්දා

 
සයුර මොටද දිය දෝතක් බොන්න බැරී
ඔරුව මොටද වතුරේ පැද යන්න බැරී
දෑස මොටද සිතු සේ දැක ගන්න බැරී
කුසුම මොටද ළංවී රොන්ගන්න බැරී","[{'Metaphor': 'කුසුම මොටද ළංවී රොන්ගන්න බැරී', 'Meaning': 'ඇයට ඔහුට ආදරය කළ නොහැක', 'SourceDomain': 'මල', 'TargetDomain': 'ඔහු'}]"
66,Jeevithe Tharuna Kale ,ජීවිතේ තරුණ කාලේ,එච්.ආර්. ජෝතිපාල,H.R.Jothipala,ගෝල්ඩන් පොප්,Golden Pop,කරුණාරත්න අබේසේකර,Karunarathna Abeysekara,R.muthhusaami,R.Muththusami,2961,"ජීවිතේ තරුණ කාලේ එක සේ නොරැ‍‍ෙඳ්
සොයමී… සෑම වේලේ සිතුදේ පැතුදේ



 
ආදර රසේ සිතුසේ ලබන සේ
බඹරා බමන සේ යම් මම් නිදහසේ
සතුටයි දුකයි එක සේ දැනේ
අනන්ත සුන්දර දිවි මල් උයනේ


 
රෑ ගණඳුරේ දිලෙනා පහන සේ
බාදා මැද මෙසේ බලමී ලොව රසේ
අහසයි බිමයි නිවසයි මගේ
හෙටක් කෙරේ නැහැ විශ්වාසේ","[{'Metaphor': 'බඹරා බමන සේ යම් මම් නිදහසේ', 'Meaning': 'ඔහු නිදහසේ මී මැස්සෙකු මෙන් ජීවත් වේ', 'SourceDomain': 'මී මැසි', 'TargetDomain': 'ඔහු'}]"
67,Jeevithe Mage ,ජීවිතේ මගේ ඔයා,ප්රියා සූරියසේන,Priya Sooriyasena,පැරණි පොප්ස්,Old Pops,R.b.jayasingha,R.B.Jayasingha,නොදන්නා,Unknown,775,"ජීවිතේ මගේ ඔයා කියාලා සිඟා වී ඔබේ ආදරේ
ඔබේ මුවේ බැඳේ හදේ -  කියා ලියා ඔබව පතාලා..//


නීල දෑස කෝල බැලුම් පා සිනා සලා..
යොවුන් කුමරි එවන් බසට නොවන් මංමුලා..
ආදරේ කරන්න ශිල්ප සතර නිමකරන්..
ජීවිතේට මිහිර ඉසුර ඔබට ලං කරන්..
බාල කාලෙ ආයෙ එන්නෙ නෑ
වැරදුන තැන යලි හදන්න බෑ


මිහිරි මී වගේ දැනේවි යොවුන් ආදරේ..
යොවුන් සිතට මිහිර ගෙනේ එවන් ආදරේ..
ආදරේක මිහිර ඔබේ හදට ලං කරන්..
හිනාවෙන්න කුමරිය ශිල්ප සතර නිමකරන්..
බාල කාලෙ ආයෙ එන්නෙ නෑ
වැරදුන තැන යලි හදන්න බෑ","[{'Metaphor': 'ජීවිතේ මගේ ඔයා', 'Meaning': 'ඔහු ඇයට බොහෝ ආදරය කරයි', 'SourceDomain': 'ඈ', 'TargetDomain': 'ජීවිතය'}]"
68,Jeewana Me Gamana ,ජීවන මේ ගමන,"A.M.Rajah, ජමුන රාණි","A.M.Rajah,Jamuna Rani","යුගල, ගෝල්ඩන් ඕඩර්ලි, චිත්රපට ගීත, ඉල්ලීම","Duets,Golden Oldies,Movie Songs,Request",ආනන්ද සමරකූන්,Ananda Samarakoon,එස්.කේ.ක්ෂිනමාර්ති,S Dakshinamurthi,2452,"ජීවන මේ ගමන සංසාරේ
යවිනම් අන්ධකාරේ නොලැබ ආලෝකේ
යා හැකි දෝ සොයා මාර්ගේ//
ඔබ යයි නම් තනිව අන්ධකාරේ
ඔබට ආලෝකේ දෙන්නෙමි තිර සාරේ
දිවි ඇති තෙක් මෙ සංසාරේ//





 
ප්‍රේම ප්‍රදීපේ මහදේ දැල්වුණ මේ
දීප්ති විහිදේ විහිදේ.. දීප්ති විහිදේ විහිදේ
මා ය ඒ විහිදෙන ආලෝකේ
ඔබ ය ප්‍රේම ප්‍රදීපේ….. ඔබ ය ප්‍රේම ප්‍රදීපේ

 
හද සෝකෙන් බර වූ නෙක වාරේ
එයයි අනු ප්‍රාණේ ඔබේ ප්‍රේම ලෝකේ
නැත ඉන් මා මුළා වෙන්නේ//
ඔබ යයි නම් තනිව අන්ධකාරේ
ඔබට ආලෝකේ දෙන්නෙමි තිර සාරේ
දිවි ඇති තෙක් මෙ සංසාරේ//

 
ප්‍රේම පහන අපි දල්වාලමූ අද 
ජීවන අඳුර නසන්ටා  ජීවන අඳුර නසන්ටා
ජීවනේ රස වෙයි තිර ප්‍රේමේ 
සුන්දර හදකින් පානා   සුන්දර හදකින් පානා

 
ඒ වාගෙයි පහන ආලෝකේ
වූයේ සංයෝගේ සදා සංසාරේ
වෙන් නොම වී එකාකාරේ//
ජීවන මේ ගමන සංසාරේ
යවිනම් අන්ධකාරේ නොලැබ ආලෝකේ
යා හැකි දෝ සොයා මාර්ගේ//","[{'Metaphor': 'ඔබට ආලෝකේ දෙන්නෙමි තිර සාරේ', 'Meaning': 'ඔහු ඇගේ ජීවිතය දීප්තිමත් කළේය', 'SourceDomain': 'ආලෝකය', 'TargetDomain': 'ආදරය'}]"
69,Ipadee Lowe ,ඉපදී ලොවේ,"ග්රෙෂාන් ආනන්ද, එච්.ආර්. ජෝතිපාල","Greshan Ananda,H.R.Jothipala","කණ්ඩායම් ගීත, චිත්රපට ගීත","Group Songs,Movie Songs",හේමසිරි හැල්පිටා,Hemasiri Halpita,සරත් ද අල්විස්,Sarath De Alwis,4081,"ඉපදී ලොවේ නවාතැන් පළේ 
මිනිසා රඟයි රංගනේ
භවයෙන් භවේ විරාමේ අපේ 
කාලේ ටිකයි ජීවිතේ
සිනහා කඳුළූ එනවා යනවා



 
මේ සිහින ගමනේ නැවතී ඉන්නා 
අම්බලමයි මාවතේ
මේ පාළු කතරේ ඔබ මා හමුවී 
යායුතු මග මේ වේ
අහගන්න මිතුරේ ලෝකය කරළිය වෙනවා
මායාවේ නළුවෝ අපී


 
නොනිමන්න මිතුරේ පහනේ චායා 
කිසිදා මේ අත්භවේ
සුදිලේවි හැමදා නාමේ ඔබගේ 
හිරු සේ ආකාසයේ
ජය ගන්න මතු දා පැරදුම පැරදිය යුතුවේ
මේ ලෝක රඟ මණ්ඩලේ","[{'Metaphor': 'මිනිසා රඟයි රංගනේ', 'Meaning': 'මිනිසුන් ජීවත් වන්නේ නාට්යවල රඟපෑමට ය', 'SourceDomain': 'නාට්ය', 'TargetDomain': 'ජීවිතය'}]"
70,Indunil Gangulal ,ඉඳුනිල් ගඟුලැල්,රූකාන්ත ගුණතිලක,Rookantha Gunathilaka,දේවානුභාවයෙන්,Inspirational,රූකාන්ත ගුණතිලක,Rookantha Gunathilaka,රූකාන්ත ගුණතිලක,Rookantha Gunathilaka,6652,"ඉඳුනිල් ගඟුලැල් පියුමින් සැරසූ
රුව ලස්සන මව් ලංකා 
මුතුලැල් සයුරින් තේජමාන දීපයයි
මගේ මව් බිම ලංකා//


මේ පොලෝ තලේ එදා උන්නූ 
රාජ රාජ සිංහයන් වන් වූ 
දූ පුතුන් ලෙයින් තෙදින් නැං වූ 
මගේ..පුජනීය භුමියයී ලංකා



සිව් මහා නදී ගල බැසලා
රත්තරන් ගොයම් කරල් පැසිලා
ජාතිකානුරාගයෙන් නැගිලා
සදා .. ජීවිතේ පුදා රකිව් ලංකා","[{'Metaphor': 'රත්තරන් ගොයම් කරල් පැසිලා', 'Meaning': 'රටේ ආර්ථිකයට ගොයාම් ඉතා වටිනා ය', 'SourceDomain': 'රන්', 'TargetDomain': 'ගොයාම් කරල්'}]"
71,Igilenna Thahanam ,– ඉගිලෙන්න තහනම්,නිරෝෂා විරාජිනි,Nirosha Virajini,නව පොප්,New Pop,චන්න ජයනාත්,Channa Jayanath,රොහානා වීරසිංහ,Rohana Weerasingha,298,"ඉගිලෙන්න තහනම් නම් දුරක් 
ඇයි දුන්නේ මට අත් තටු දෙකක් 
අපි ලිව්වේ ලස්සන කවි දෙකක් 
මගේ වෙන්නේ ඇයි එක කවි පෙළක්//

පෙම්වන්ත හිතටත් යට ඉදන් 
පෙන්වන්න අවියක් ඔබ අරන් 
මට ගන්න හැකි ඉර හද උනත් 
ඔබ දන්නේ නැ ඒ බව තවත්
ඔබ දන්නේ නැ ඒ බව තවත්
 
හැමදාම මල් පෙති ලන්කලත්
දැනුනේම නැ සුවදැති බවක් 
නෑ මා ඔබෙන් ලද අත්වැලක්
සාදාරණයි අපි වෙන් කලත්
සාදාරණයි අපි වෙන් කලත්","[{'Metaphor': 'ඇයි දුන්නේ මට අත් තටු දෙකක්', 'Meaning': 'ඇගේ නිදහස සීමිතය', 'SourceDomain': 'පියාපත්', 'TargetDomain': 'නිදහස'}]"
72,His Tin Ekak ,හිස් ටින් එකක්,"එච්.ආර්. ජෝතිපාල, මිල්ටන් පෙරේරා, මොහදීන් හිඟමන","H.R.Jothipala,Milton Perera,Mohideen Beg","කණ්ඩායම් ගීත, චිත්රපට ගීත","Group Songs,Movie Songs", ,,P.l.a.somapala,P.L.A.Somapala,1232,"හිස් ටින් එකක් වාගෙයි අපේ මේ ජීවිතේ මල්ලි
කිසි වාසියක් නෑ හාමතෙයි නැත්තම් අතේ සල්ලි //
කාටවත් බය නෑ අපි තිබුණත් නැතත් සල්ලි
ඕ... තිබුණත් නැතත් සල්ලි
අපි කයිවාරු නෑ මල්ලි (ඒ වුණත්)
හිස් ටින් එකක් වාගෙයි අපේ මේ ජීවිතේ මල්ලි
කිසි වාසියක් නෑ හාමතෙයි නැත්තම් අතේ සල්ලි



 
අපේ පාටිය පිරිමි පාටියයි
අපි ඡන්දෙ දෙන්නේ වාසියටයි
කොයි කාගෙ ආණ්ඩුවත් අපට එකයි
අප‍ට ඕනෑ ප්‍රජාතත්ත්‍රවාදයයි (ඒ වුණත්) 



 
නැති බැරි එකා තල්ලු වෙනවා
පුළුවන් මිනිහා හිනහා වෙනවා
වැටි වැටි වුණත් නැගිටිනවා
මගේ බලෙත් මං පෙන්නනවා","[{'Metaphor': 'හිස් ටින් එකක් වාගෙයි අපේ මේ ජීවිතේ මල්ලි', 'Meaning': 'ජීවිතය වටිනා නොවේ', 'SourceDomain': 'හිස් ටින්', 'TargetDomain': 'ජීවිතය'}]"
73,Hiruta Horen ,හිරුට හොරෙන්,T.m.jyharathna,T.M.Jayarathna,පැරණි පොප්ස්,Old Pops,කුලරත්න ආරියවන්සා,Kularathna Ariyawansa,රොහානා වීරසිංහ,Rohana Weerasingha,1614,"හිරුට හොරෙන් සඳුට හොරෙන් 
තරු මල් උයනේ 
ලොවට හොරෙන් සැදූ ලොවයි 
අපේ ආදරේ...//


ඔබේ නුවන් තරු එලියෙන් 
ඒ ලෝකයේ සිරි නරඹන්නම් 
 තවත් කුමටදෝ එළියක් 
මගේ ලෝකයේ 


ඔබේ වදන් අමසරයෙන් 
ඒ ලෝකයේ නද රැව්දේ නම් 
 තවත් කුමටදෝ මිහිරක් 
 අපේ ලෝකයේ","[{'Metaphor': 'ලොවට හොරෙන් සැදූ ලොවයි අපේ ආදරේ', 'Meaning': 'ආදරය වඩාත් වැදගත් දේවල්', 'SourceDomain': 'ලෝකය', 'TargetDomain': 'ආදරය'}]"
74,Hiruda Muwawee ,හිරුද මුවා වී,ප්රියා සූරියසේන,Priya Sooriyasena,පැරණි පොප්ස්,Old Pops,උපාලි ධනවාලවිතන,Upali Dhanawalawithana,ක්ලැරන්ස් විජේවර්ධන,Clarence Wijewardena,2399,"හිරුද මුවා වී ලැසි ගමන බලාවී//
කිංකිණි හඬ පරදන කැකිරි පැලෙන කොමළ හිනා//
හිරුද මුවා වී ලැසි ගමන බලාවී//


කට කැඩි කළය අරන් කුඹුකෙ ළිඳට දියට ඇදෙන//
ඉර බටු තරුව වගේ ගමට සිරිය සතුට ගෙනෙයි


කළුවර ගලන වෙලේ නොයන් ගමන් නියර දිගේ//
බක් මහ නැකත් බලා එළිය කරන් ගෙපැල මගේ","[{'Metaphor': 'බක් මහ නැකත් බලා එළිය කරන් ගෙපැල මගේ', 'Meaning': 'ඔහුගේ ජීවිතය දීප්තිමත් කිරීමට ඇයව විවාහ කර ගැනීමට ඔහුට අවශ්යය', 'SourceDomain': 'නිවස', 'TargetDomain': 'ජීවිතය'}]"
75,Hada Pathule ,හද පතුලේ,මිල්ටන් මල්ලවරාච්චි,Milton Mallawarachchi,පැරණි පොප්ස්,Old Pops,K.d.k.derderermaiving,K.D.K.Dharmawardhana,ස්ටැන්ලි පියරිස්,Stanley Pieris,3943,"හද පතුලේ 
හසරැල්ල කඳුලැල්ල කැලඹිල්ල මා නම් ඔබේ
දිවි කතරේ
ගඟුලැල්ල නල රැල්ල සැනසිල්ල වෙන්නම් ඔබේ

                                 


මුසාවන් ගොතා අනුන් කී කතා 
නොමැකී තිබේදෝ සිතේ
අතීතේ කතා එපා දැන් එපා 
මා දැන් ඔබේ ජීවිතේ



අපේ ආදරේ බිඳී යා නොහේ 
හිනැහෙන්න පියුමී මගේ
පැතූ සේ එදා ඔබෙ මා ඔබේ 
නැලවෙන්න පියුමී මගේ","[{'Metaphor': 'පියුමී මගේ', 'Meaning': 'ඇය මලක් වගේ', 'SourceDomain': 'මල', 'TargetDomain': 'ඈ'}]"
76,Hada Mal Gomuwe ,– හද මල් ගොමුවේ,ක්ලැරන්ස් විජේවර්ධන,Clarence Wijewardena,"ගෝල්ඩන් පොප්, ඉල්ලීම","Golden Pop,Request",ක්ලැරන්ස් විජේවර්ධන,Clarence Wijewardena,ක්ලැරන්ස් විජේවර්ධන,Clarence Wijewardena,455,"හද මල් ගොමුවේ සුවඳයි හැමුවේ
ආදර සේයාව පාවෙන ගී රාව
මා හද මත් වී ගියේ

සීත  සඳේ පාවෙනා ආදර ආරාධනා
පිරුණා සිතේ ඇඳුනා නෙතේ
ඇගෙ සීන කල්පනා) //


පාළු ලොවේ කල්පනා ජීවිතෙන් තුරන් වුණා
පැතුවේ ඔබේ සෙනෙහේ අමා
සිතෙහී තුරුල් වුණා) //","[{'Metaphor': '– හද මල් ගොමුවේ', 'Meaning': 'හදවත මලක් මෙන් පිරිසිදු ය', 'SourceDomain': 'මල', 'TargetDomain': 'හදවත'}]"
77,Geethayak una obath ,– ගීතයක් උනා ඔබත්,ලක්ෂ්මන් විජේසේකර,Lakshman Wijesekara,සම්භාව්ය,Classics,වසන්ත කුමාර කොබාකකා,Wasantha Kumara Kobawaka,රොහානා වීරසිංහ,Rohana Weerasingha,126,"ගීතයක් උනා ඔබත් වේදනා මැවූ
මේ රැයයි ආදරේ  තරු පහන් නිවූ//

යා වුණත් ප්‍රේමයේ රසින්  ජීවිතේ ප්‍රාර්ථනා දොරින්//
ඒ පැතුම් සිඳී බිඳී ගොසින්
ඔබ මලක්, මම විලක්, නොවේ ළඳේ මෙදා


පාළුවෙන් මා තවා දුකින් පා වෙලා මා නෙතේ ඉමෙන්//
ආදරේ පියාසරා ගිහින්
ඔබ සඳක්, මම රැයක්, නොවේ ළඳේ මෙදා","[{'Metaphor': 'ගීතයක් උනා ඔබත් වේදනා මැවූ', 'Meaning': 'ඇය ඔහුට ආදරය කරන්නේ නැහැ', 'SourceDomain': 'දුක්බර ගීතයක්', 'TargetDomain': 'ඈ'}]"
78,Gela Wata Banda Wu ,– ගෙල වට බැන්දා වූ,"නිරන්ජාල සරෝෂිනි, ප්රියා සූරියසේන","Niranjala Sarojini,Priya Sooriyasena",යුගල,Duets,අජන්තා රණසිංහ,Ajantha Ranasinghe,ප්රියා සූරියසේන,Priya Sooriyasena,7485,"ගෙල වට බැන්දා වූ මුතු පොටේ 
දිස්නෙට මුහුණේහි ඔප වැටේ
ඔසරි නෙරියට නළල් තිලකෙට
බැන්ද සිතු පෙම් ආනන්ද වේ
කෝකිල සංදේශ කවි පොතේ
ඔය වැනි උපමා ද තව ඇතේ
රුවැති ළඳකට තනිව මඟ තොට
යන්න නිදහස දැන් නෑ වගේ




සෙංකඩගලපුර පෝදා හඳ මෙනි
මේ මුතුමැණිකේ ලා
දළදා සමිඳුන් වැඩ හිඳිනා බිම
නෑ සුබ නෑ ඕවා//



කාගේ කවුරුද ඉන්නේ කොතැනද
නෑ අපි අඳුනන්නේ
ආගන්තුක අපි ආවම කඳුරට
නැතුවද පිළිගන්නේ//","[{'Metaphor': 'සෙංකඩගලපුර පෝදා හඳ මෙනි', 'Meaning': 'ඇය සැහැල්ලු සඳක් වගේ', 'SourceDomain': 'සඳ', 'TargetDomain': 'ඈ'}]"
79,Gala Suwanda Rasa ,ගාලා සුවඳ රස,ඉන්ද්රානි පෙරේරා,Indrani Perera,"ගෝල්ඩන් පොප්, කණ්ඩායම් ගීත, චිත්රපට ගීත","Golden Pop,Group Songs,Movie Songs",මහගම සේනාරා,Mahagama Sekara,සෝමදාස එල්විටිගල,Somadasa Elvitigala,1360,"ගාලා සුවඳ රස අඳුන්
කාලා සුවඳ රස බොජුන්
බීලා මිහිරි මී විතෙන්
ජීවිතේ ගෙවී යාවී මේ ලෙසින්
සැමදාම සන්තෝසයෙන්...//


මල් පිපී සතර දිගන්තේ
රොන් සලා නැගෙන වසන්තේ//
ඇල් පවන් ඒ හමා
සිත් සතන් ගිමන් නිවා ..//



රත් දෙතොල් නුරා පිරී
රන් ළඳුන් සිනා සිසී//
ජීවිතේ අරුත මේ යැයි කියා
නිල් ඇසින් වහස් බැලුම් නැඟේ //","[{'Metaphor': 'රන් ළඳුන් සිනා සිසී', 'Meaning': 'ගැහැණු ළමයින් රත්තරන් තරම් ලස්සනයි', 'SourceDomain': 'රන්', 'TargetDomain': 'ගැහැණු ළමයින්'}]"
80,Gala Kandeni ,– ගලා කන්දේනී,රුක්මානි දේවි,Rukmani Devi,චිත්රපට ගීත,Movie Songs,P.l.j.nandkeeri,P.L.J.Nandakeerthi,C.n.pandurangan,C.N.Pandurangan,3245,"ගලා කන්දේනී මතු වෙනා
දොළකී මේ ප්‍රීති ජීවිතේ
ගලාවී දොළ සේ මා ප්‍රීති ජීවිතේ//


රාත්‍රී කාලේ චන්ද්‍රා ලෝකේ//
කේ ඳි සේ දිය සෙලවේවි//
දොළකී මේ…………



ජලේ බුල් බුල් නැගී සැදේ සෝබා මල් මල්
සඳේ කාන්ති වැදීගේතේ පෙම් වැල්//
දෝලේ ජාලේ නාදේ ප්‍රාණේ ගීතේ//
මූදේ හා මූවේ ප්‍රේමෙන් ගලා//
දොළකී මේ…………","[{'Metaphor': 'දොළකී මේ ප්\u200dරීති ජීවිතේ', 'Meaning': 'ඇළ මාර්ගයක් මෙන් ජීවිතය ඉදිරියට ගලා යයි', 'SourceDomain': 'ඇළ', 'TargetDomain': 'ජීවිතය'}]"
81,Gedara Hitiya Rosa ,ගෙදර හිටිය රෝසා,"H.r.jothipala, m.s.fernando","H.R.Jothipala,M.S.Fernando",චිත්රපට ගීත,Movie Songs,ධර්මසිරි ගමගේ,Dharmasiri Gamage,ප්රේමසිරි කෙමදාස,Premasiri Khemadasa,2474,"ගෙදර හිටිය රෝස කැකුල රෝසා 
ඔමරි පොමරි දාපු මුකුළු රෝසා
අපිත් එක්‌ක හරි යාළුයි රෝසා
රෝසා නැතුව ගේ පාළුයි රෝසා//



 
මල් මී පැණි සේරු සේරු පෙම් මදිරා සාරු සාරු//
බීලා මොටද රෝසා නැතුව රෝසා
දෑතට දී වාරු වාරු ගඟ මැද ඔරු පාරු පාරු
පැදල මොටද රෝසා නැතුව රෝසා

 
උණට කොත්තමල්ලි දුන්න රෝසා
සෝඩා ටොනික්‌ කඩෙන් ගෙනා රෝසා
අපිත් එක්‌ක හරි යාළුයි රෝසා
රෝසා නැතුව ගේ පාළුයි රෝසා//

 
සුවඳ සබන් ගාපු ගාපු ගාල නාල ආපු ආපු//
පුසුඹ ගහපු රෝස නොන රෝසා
කොණ්‌ඩෙ කඩන් පීරු පීරු රැජිණට අපි තේරු තේරු
රෝස කැකුළ කොහිද ගියේ රෝසා","[{'Metaphor': 'ගෙදර හිටිය රෝස කැකුල රෝසා', 'Meaning': 'ඇය රෝස් මලක් වගේ', 'SourceDomain': 'රෝස් මල', 'TargetDomain': 'ඈ'}]"
82,Eda Tharam ,එදා තරම්,ඉන්ද්රානි පෙරේරා,Indrani Perera,ගෝල්ඩන් පොප්,Golden Pop,ක්ලැරන්ස් විජේවර්ධන,Clarence Wijewardena,ක්ලැරන්ස් විජේවර්ධන,Clarence Wijewardena,701,"එදා තරම් මගේ සිතේ රැඳුණේ නැහැ තව දවසක්
දුටුවා ඔබ මැද සිටියා විදුලි බුබුළු දස දහසක්
සැණකෙළියේ කිසිම දෙයක දැණුනේ නැහැ මට වෙනසක්
පෙණුනේ මට ඔබේ දෙනෙත්වල ලියවුණු පොඩි රහසක්

 
සැණකෙළියේ විසිතුරු මට මොහොතින් අමතක වුණාද
ඔබ මා ළඟ සිටගත්තේ කොයි පැත්තෙන් පාවුණාද
අක්ක අයිය නංගි මල්ලි මැද මගෙ සිත ගොළු වුණාද
දෙනෙත්වලින් මා පැවසූ රහස ඔබට වැටහුණාද


 
මුව කමලේ විසිතුරු දැක ඔබ මා හට හිනැහුණාද
මගෙ දෙනෙතේ දැකුම් බලා සැනසුම් සුසුමක් ගියාද
හෙට හවසත් මා එන තුරු මග බලමින් ඉන්නවාද
සැණකෙළියේ අපේ පැතුම් විසිරී පැතිරී ගියාද","[{'Metaphor': 'දෙනෙත්වලින් මා පැවසූ රහස ඔබට වැටහුණාද', 'Meaning': 'ඇය ඔහුට ආදරෙයි', 'SourceDomain': 'රහස', 'TargetDomain': 'ආදරය'}]"
83,Gahaka Mal Pipila ,ගහක මල් පිපිලා,කරුණාරත්න ඩිවුල්ගනේ,Karunaratna Divulgane,නව පොප්,New Pop,යමුනා මාලානි පෙරේරා,Yamuna Malani Perera,ගුණදාස කපුගේ,Gunadasa Kapuge,3602,"ගහක මල් පිපිලා පිපෙන්නේ ඇයිද නොදන්නෙමී
හිතක මල් පිපිලා පිපෙන්නේ ඇයිද නොදන්නෙමී
නුඹට සිත බැඳුනේ කිමැයිමා තවම නොදන්නෙමි
නුඹට සිත බැදි කාරණේ මා තවම සොයන්නෙමී

කතරෙ වැලි කැට හිරුට පෙම්බැද
ඇතත් ලෝ දහමින්
සොදුරු වැස්සට දැවෙන කතරත්
ආදරෙයි පණමෙන්
ලොවට නොපෙනෙන අරුම සෙනෙහස 
ඒ වගෙයි මනරම් කරනුබැරි තහනම්



සදට සදහට සෙනෙහෙ පෑමුත් 
උදුල තරු කැටයම්
හිරුටපෙම් බැදි එකම තරුවක්
සිටිය නොහැකිද යම්
නුඹට නොහැගෙන මගේ ප්රේුමය
ඒ වගේ මනරම් පුදුමවෙයි නුඹ නම්","[{'Metaphor': 'හිතක මල් පිපිලා පිපෙන්නේ', 'Meaning': 'ඔහු ඉතා සතුටුයි', 'SourceDomain': 'මල් පිපෙන', 'TargetDomain': 'සතුටු'}]"
84,Dura Atha Wuwada ,දුර ඈත වුවද,කරුණාරත්න ඩිවුල්ගනේ,Karunaratna Divulgane,"සම්භාව්ය, නව පොප්","Classics,New Pop",යමුනා මාලානි පෙරේරා,Yamuna Malani Perera,රොහානා වීරසිංහ,Rohana Weerasingha,1168,"දුර ඈත වුවද ගතිනා
ලඟ පාත නොවෙද සිතිනා
ඇලපාත මුදලි මං
මද හාස නගන් ගජමන් නෝනා//


පුන්සඳ ලෙද කළුවර යහනේ
පුන්සිසිවත කඳුළින් තෙමුනේ//
තහනම් ද සතුට ලදුනේ
මේ දුකද සැපයි - නුඹෙ හිතට කැපයි
මද හාස නගන් ගජමන් නෝනා



රන් රස සේ ගැලපෙන සේමා
දුන් රස කව් රස විද බෝමා//
නොබැදෙම් ද පෙමින් කෝමා
අමනාප කිමැයි - උදහාස කිමැයි
මද හාස නගන් ගජමන් නෝනා","[{'Metaphor': 'තහනම් ද සතුට ලදුනේ', 'Meaning': 'ඔහුට ඇයට ආදරය කළ නොහැකි දැයි ඔහු අසයි', 'SourceDomain': 'සතුටු', 'TargetDomain': 'ආදරය'}]"
85,Eda Meda Thura ,එදා මෙදා තුර,සනත් නන්දසිරි,Sanath Nandasiri,සම්භාව්ය,Classics,විමල් ජයශාන්ත,Wimal Jayashantha,සනත් නන්දසිරි,Sanath Nandasiri,9049,"එදා මෙදා තුර කඳුලට විවරව 
දෑස් පියන් පත් කවුළු වසා 
ලයේ ගලාගිය සෙනේහයේ සුව 
සිනා පිරුනු රත් දෙතොල් පියා 
මිලාන වී ගිය රෝස කොපුල්පෙති 
කම්මුල් සුදුමැලි පාට හොවා 
දෑත ලයේ බැඳ අවසන් ගමනට 
සොඳුරිය මට නොකියාම ගියා 


දෑස් කවුලු පත් වලා කඳුලු කැට 
වෑහෙද්දී මගෙ දෑස් අඟින් 
කාත් කවුරුවත් වෙතක් හිතයි මට 
පාත් වෙන්න ඔය මුවට උඩින් 
ඈත්ව යන්නට සමුගෙන කවුරුන් 
ඔබෙ මුව දෝතක් සුවඳ පැනින් 
මාත් මගේ හිතටත් ඔබ සුවඳයි 
ඈත් නොවේමයි ඒ සුවඳින් 


ඊයේ ඉපදී අද මිය යන්නට 
පෙරුම් පුරාගෙන උපන් ලයේ 
ඊයේ වේඟේ අහස උසට බැඳි 
ආදර ලෝකය හෙටත් තියේ
ඒත් ඉතින් දැන් සොඳුරිය ඔබ නැති 
ඇයි මේ ලොව මා තනිව ගියේ
ආයේ දවසක එක හිත් ඇත්තන් 
වී අපි ඉපදෙමු එකට ප්‍රියේ","[{'Metaphor': 'දෑත ලයේ බැඳ අවසන් ගමනට', 'Meaning': 'ඇය මැරිලා', 'SourceDomain': 'අවසාන ගමන', 'TargetDomain': 'මරණ'}]"
86,Dunnu Wedana ,– දුන්නු වේදනා,නිරෝෂා විරාජිනි,Nirosha Virajini,නව පොප්,New Pop,ඩිලන් ගමගේ,Dilan Gamage,රේසේෂ් වැන්ඩබෝනා,Radeesh Vandabona,129,"දුන්නු වේදනා, මේ නෙතින් උතුරලා
මතක රැස්වෙලා හිත අයාලේ ගියා
හිතෙන්නේම නෑ ඔබ මගේ නොවේ කියා
ජීවිතේම දැන් මාගේ හීනයක් වෙලා
*කෙටි කාලයකින් හමුවී මගේ ජීවිතයට පැමිණි      
 ලස්සනම සිහිනෙකි ඔයා…………ලස්සනම සිහිනෙකි ඔයා* 

මේ සීත වස්සානේ පාළුව ගලන්නේ
තනිකමයි හදවත සරන්නේ
මේ අන්ධ හිත් මානේ  මතකය තැවෙන්නේ
සෝ සංකා හිරිහැර කරන්නේ


සඳ නේන රැ යාමේ සසලව හිඳින්නේ
කළුවරයි දසතින් හමන්නේ
වැටෙන හුස්මක් ගානේ.. ඔබවමයි සිහිවන්නේ
ඔබ කොහේදෝ හිඳින්නේ","[{'Metaphor': 'ජීවිතේම දැන් මාගේ හීනයක් වෙලා', 'Meaning': 'ජීවිතය අවිනිශ්චිතයි', 'SourceDomain': 'සිහිනය', 'TargetDomain': 'ජීවිතය'}]"
87,Camillia Mal(Cinderella) ,– කැමීලියා මල්(සින්ඩරෙල්ලා),කිත්සිරි ජයසේකර,Kithsiri Jayasekara,වත්මන් ගීත,Current Songs,චමින්ද රත්නසූරිය,Chaminda Rathnasooriya,කසුන් කල්හාරා,Kasun Kalhara,4176,"කැමීලියා මල් සුවඳට
සඳ කෙමි මත් පා තිය තිය //
මගේ කුටියේ කවුළුදොරින්
නිදි බින්ද දෑස ඒ ඔබමද සින්ඩරෙල්ලා
නිදි බින්ද දෑස ඒ ඔබමද සින්ඩරෙල්ලා

සකුණ ගීය සැඟවී යන 
පළා පැහැයෙ අළු තවරා //
සැන්දෑ අඳුර ගේන පවන වගේ සියුම් සරින්
ඈත එපිටින් හදට වඩින් සින්ඩරෙල්ලා


සුසුදු හංස පියාපතින්
ගෙත්තම් කොට නිමවා //
ඇන්ද සිනිඳු සේද සළුව වළාකුලෙන් අතුරා
යන්න ගියේ බිය හිතිලද සින්ඩරෙල්ලා","[{'Metaphor': 'නිදි බින්ද දෑස ඒ ඔබමද\xa0සින්ඩරෙල්ලා', 'Meaning': 'ඇය ලස්සන සින්ඩරෙල්ලා වගේ', 'SourceDomain': 'සින්ඩරෙල්ලා', 'TargetDomain': 'ඈ'}]"
88,Chandana Allen ,චන්දන ඇල්ලෙන්,එච්.ආර්. ජෝතිපාල,H.R.Jothipala,"ගෝල්ඩන් පොප්, චිත්රපට ගීත, ඉල්ලීම","Golden Pop,Movie Songs,Request",ධර්මසිරි ගමගේ,Dharmasiri Gamage,ගලගෙදර එම්.එම්.,Galagedara M.M.A.Huk,2145,"චන්දන ඇල්ලෙන් නාලා…  අංජන මල් මී ගාලා 
හැංගුණ බඹරා ආවා  ලස්සන රහසක් කීවා//
චන්දන ඇල්ලෙන් නාලා


	
 
මලට මුවා වී ඉන්නේ  මල් පෙති යට සැඟවෙන්නේ//
හදකට තුරුළු ව ඉන්නේ  ලෝකය නෑ එය දන්නේ

 
දහසක් නෙත් යොමු වන්නේ  එනමුදු නෑ හඳුනන්නේ// 
ඇසිපිය යට සැඟවෙන්නේ  සිහින ලොවේ හමු වන්නේ

 
එක කුසුමකි පිබිදෙන්නේ එක වන බඹරෙකි ඉන්නේ
දෙබරුන් සේනා එන්නේ වෙනසක් නෑ සිදුවන්නේ","[{'Metaphor': 'හැංගුණ බඹරා ආවා  ලස්සන රහසක් කීවා', 'Meaning': 'ඔහු රහසින් ඇගේ ආදරය ගැන කියනවා', 'SourceDomain': 'මී මැසි', 'TargetDomain': 'ඔහු'}]"
89,Chandana anga gala ,– චන්දන ඇඟ ගාලා,"මල්ලිකා කහාවවිට, නාරඩා දසේකර","Mallika Kahawita,Narada Disasekara","යුගල, ගෝල්ඩන් ඕඩ්ලි","Duets,Golden Oldies",කරුණාරත්න අබේසේකර,Karunarathna Abeysekara,කුලරත්න තෙන්නකුන්,Kularathne Thennakoon,131,"චන්දන ඇඟ ගාලා කොණ්ඩෙ කඩා දාලා
ගඟුලේ ගිලීලා  ටිකිරිමලී නාලා වගේ
වෙලේ පැලේ දිහා පැල් කවි කියාලා
පැල් රැකලා මහ රෑ සිළිඳු උදේ ආවා වගේ
චන්දන ඇඟ ගාලා කොණ්ඩෙ කඩා දාලා
ගඟුලේ ගිලීලා  ටිකිරිමලී නාලා වගේ

වී කොටලා ඊයෙ හවස මං නා ගත්තා අවදිවී උදෙන්
වී කොටලා ඊයෙ හවස මං   නා ගත්තා අවදිවී උදෙන්
ගම්මුන් අපි වාගේ කම්මැලි වී බෑනේ


සිහි නැති ගෑණියක් මා වගේ කළේ මතක නැතිවුණා ගඟේ
සිහි නැති ගෑණියක් මා වගේ කළේ මතක නැතිවුණා ගඟේ
මොටද හැරී යන්නේ කවුද ඕක ගන්නේ","[{'Metaphor': 'ගඟුලේ ගිලීලා  ටිකිරිමලී නාලා වගේ', 'Meaning': 'ඇය තරුණ හා ලස්සන කෙල්ල', 'SourceDomain': 'ටිකිරිමලියි', 'TargetDomain': 'ඈ'}]"
90,Boganwila Male ,– බෝගන්විලා මලේ,අජිත් මුතුකුමාරණ,Ajith Mutukumarana,"නව පොප්, ඉල්ලීම","New Pop,Request",නොදන්නා,Unknown,නොදන්නා,Unknown,1456,"බෝගන්විලා මලේ ලා දම් පාට අගේ
මා ලං වෙලා ඔබේ වින්දා සුවඳ හදේ

රන් වන් සමනලිය මල්රොන් උරන තුඩ
ඔච්චම් කරයි මට මගෙ මල් කළඹ නුඹ

දිළිදුයි කියූ නිසා සිනිදුයි ඇගේ කතා
නොදැනේ අදුර පවා සඳු එයි අපව සොයා","[{'Metaphor': 'රන් වන් සමනලිය', 'Meaning': 'ඇය සමනලයෙකු වැනි ලස්සන ගැහැණු ළමයෙක්', 'SourceDomain': 'සමනලයා', 'TargetDomain': 'ඈ'}]"
91,Bingu Welapeela ,බිඟු වැලපීලා,ප්රියා සූරියසේන,Priya Sooriyasena,පැරණි පොප්ස්,Old Pops,K.d.k.derderermaiving,K.D.K.Dharmawardhana,ප්රියා සූරියසේන,Priya Sooriyasena,4976,"බිඟු වැලපීලා මල් පරවීලා 
තරු ගිලිහිලා  සඳු සැඟවීලා
අඳුරේ වෙලීලා මග නොපෙනීලා 
ඇය වෙන්වූවා - මා තනිවුවා 




මුදු සීත නිල් විල් තලා අසල හිඳිමින් ලංවෙලා
පැවසු වදන් ඈ එදා මතකේ රැඳේ// 
මොහොතින් ඇඳී සැනෙකින් මැකී 
ඉඳු දුන්න සේ ඈ ගියා 


සිටි සමනලුන් කල්  බලා එලවා දමා මල් තලා
බඹරුන් ගනී රොන් උරා නොසිතූ ලෙසේ
මොහොතින් ඇඳී සැනෙකින් මැකී 
ඉඳු දුන්න සේ ඈ ගියා","[{'Metaphor': 'මල් පරවීලා', 'Meaning': 'ආදරය විනාශ වේ', 'SourceDomain': 'මල', 'TargetDomain': 'ආදරය'}]"
92,Ada Amuthuma Reyaki ,අද අමුතුම රැයකි,එච්.ආර්. ජෝතිපාල,H.R.Jothipala,නව පොප්,New Pop,කරුණාරත්න අබේසේකර,Karunarathna Abeysekara,සරත් දසනායක,Sarath Dasanayaka,5874,"අද අමුතුම රැයකි හොඳ සීතල පැයකි
අඳුරු වළා වැලපී මගෙ හිත සතුට දකී..// 


ඝන නිල් වරලින්නේ මල් සුවදකි එන්නේ
හද විනිවිද යන්නේ නෙත් සිත පිබිදෙන්නේ
    
 
නිලිපුල් වැනි දෑසේ සැතපී ඇති රහසේ
තේරුම තොරාලා දෙනු මැන හිනහීලා

 
සුරලිත මුතු වරලේ අඩවන් සඳ බැබලේ
නා දළු බදු දෙතොලේ බිහිවෙයි මදු කොතොලේ","[{'Metaphor': 'නිලිපුල් වැනි දෑසේ', 'Meaning': 'ඇසට නිල් මැණෙල් වගේ ලස්සනයි', 'SourceDomain': 'නිල් මැණෙල්', 'TargetDomain': 'ඇස'}]"
93,Ra Dolos Paye ,– රෑ දොළොස් පැයේ,නිරෝෂා විරාජිනි,Nirosha Virajini,නව පොප්,New Pop,අජන්තා රණසිංහ,Ajantha Ranasinghe,ඇන්තනි සුරේන්ද්ර,Anthony Surendra,399,"රෑ දොළොස් පැයේ ඉඳි කඩුළු ඇරන් //
කර ඔසවා බලා උන්නා//
හබකර ගිය ආලවන්ත මගෙම 
මිහිරා වනයෙන් දැන් එතැයි කියා


දාර පිඹුරු වග වළසුන් ලගින වනේ 
දෝෂ විපත් සිදුනොවියන් නුඹට අනේ
දෙකනට දෙමික්කම් නැතුවට කම් නැතුවා 
කර වට පදක්කම් නැතුවට හිත ඇතුවා 
ආ ආ ආ ආ  පෙම්බර කුමාරයෝ



කාසි පඬුරු කතරගමට ගැටගහලා 
බාර වුණා රූපෙට රූපේ පුදලා
බෝමා කඳුළු ඉණුවා ඇස කකියා 
දෙයියෝ නොයන් පපුවට ගිණි අවුළා 
ආ ආ ආ ආ  පෙම්බර කුමාරයෝ","[{'Metaphor': 'පෙම්බර කුමාරයෝ', 'Meaning': 'ඇය ඔහුට බොහෝ සේ ආදරය කරයි', 'SourceDomain': 'කුමාරයා', 'TargetDomain': 'ඔහු'}]"
94,Ra Dawal Mal Hangum ,රෑ දවල් මල් හැඟුම්,"ඇන්ජලීන් ගුණතිලක, එච්.ආර්. ජෝතිපාල","Angelin Gunathilaka,H.R.Jothipala","යුගල, චිත්රපට ගීත","Duets,Movie Songs",කරුණාරත්න අබේසේකර,Karunarathna Abeysekara,P.l.a.somapala,P.L.A.Somapala,3145,"රෑ දවල් මල් හැඟුම් සිරි පානා
මනරම් සිහිනෙකි මට පේනා
ලල්ල ල ලල්ල ල ලාලා ලල්ල ල ලල්ල ල ලා
ලල්ල ල ලල්ල ල ලාලා ලල්ල ල ලල්ල ල ලා



 
හිනැහෙන විට මුතු දිලිහෙනවා
නළලෙහි අඞසඳ බැබලෙනවා//
පැතුමට බැරි රෑ කාටදෝ
සිතනා විලසට සිදුවේදෝ

 
ගීතෙක රස ඉතිරේ මුවගින්
නා දළු ලෙල දෙනවා තොලගින්//
අප සිඹ සිඹ හමනා සුලඟේ
යළි හමුවන්නේ කොතැනදෝ","[{'Metaphor': 'හිනැහෙන විට මුතු දිලිහෙනවා', 'Meaning': 'දත මුතු වගේ', 'SourceDomain': 'මුතු', 'TargetDomain': 'දත'}]"
95,Podi Duwage Sina ,පොඩි දුවගේ සිනා,සෝමතිලක ජයමහා,Somathilaka Jayamaha,ගෝල්ඩන් පොප්,Golden Pop,සුනිල් ආරියරත්න,Sunil Ariyarathna,රොහානා වීරසිංහ,Rohana Weerasingha,2457,"පොඩි දුවගේ සිනා වැලයි
පොඩි පුතුගේ කතා පෙලයි
ප්‍රිය බිරිදගෙ සෙනේ විලයි
මගේ නිවන මගේ පැල්පතයි


කටු මැටි ගැ බිත්ති පුරා
පළිඟු මැණික් එළිය දිලේ
ගොම මැටි ගෑ ගෙබිම මගේ
පියවිලි බුමුතුරු ව‍‍ගේ//



ලබන නමුත් දුක් පීඩා
කූඩු වුනොත් පුංචි පැලේ
අඹුදරුවන් අතර තුරේ
මට නිම්නැති සුවය දැනේ","[{'Metaphor': 'මගේ නිවන මගේ පැල්පතයි', 'Meaning': 'ඔහු ගෙදරට කැමතියි', 'SourceDomain': 'නිවස', 'TargetDomain': 'සතුටු'}]"
96,Piyapath Salaa ,පියාපත් සලා,මිල්ටන් මල්ලවරාච්චි,Milton Mallawarachchi,පැරණි පොප්ස්,Old Pops,සිරි කුලරත්න,Siri Kularathna,M.k.rookami,M.K.Roksami,827,"පියාපත් සලා මම ඔබ සොයා එමි රැයේ
නවාතැන මගේ ඔබෙ හද තුලයි සොඳුරියේ //




මල් ගොමු පිස එන මද නළ අතර මගකදී 
මා එන මග වලකන්නට බලා උනි රැඳි // 
දසත සැරි සරා සෙව්වෙමි ගුවන් තල අරා 
නොදැක ඔබේ රැව සෝකය නැගෙයි හද පුරා



සෙවන ලදිමි තුරු ගොමු වල එය නොවෙයි සුවේ 
ගිමන නිවන මහද අරණ තුරුල ඔබ ප්‍රියේ // 
වෙහෙස නොම බලා සොයනෙමි සසර සැරිසරා 
සිහින ලොවකදී හෝ ඔබ එන්න මා කරා","[{'Metaphor': 'පියාපත් සලා මම ඔබ සොයා එමි රැයේ', 'Meaning': 'ඔහුට කුරුල්ලෙකු මෙන් නිදහස ඇත', 'SourceDomain': 'පියාපත්', 'TargetDomain': 'නිදහස'}]"
97,Ran Rasa Wage ,රන් රස වාගේ,සමන් ද සිල්වා,Saman De Silva,පැරණි පොප්ස්,Old Pops,වර්නන් පෙරේරා,Vernon Perera,අර්නස්ට් සොයිසා,Ernest Zoysa,2149,"රන් රස වාගේ ගැලපෙන්නේ
මා ප්‍රිය සොඳුරී පණ වැන්නේ//
මා හද විමනේ දැල්වෙන පහනේ
සැමදා වේවා ඔබ ආලෝකේ
රන් රස වාගේ ගැලපෙන්නේ
මා ප්‍රිය සොඳුරී පණ වැන්නේ

  
මා වෙහෙසීලා ගෙට එන විගසේ
ආදර බස් පවසන්නේ
මට සලකන්නේ රජෙකුට විලසේ
මගෙ දුක සැප විමසන්නේ
මා පණ විලසේ ඔබ රැකගන්නේ
නෑ කිසිදා දුක දෙන්නේ


  
මල් සර දෝණී පිදුවද සෙනෙහේ
මා නැත ඒ පිළිගන්නේ
මා ප්‍රිය සොඳුරී දෙන මදහාසේ
ඒ ළඳ නෑ මට දෙන්නේ
මේ ලෙස සසරේ ඔබමය සොඳුරේ
මගෙ සහකාරිය වන්නේ","[{'Metaphor': 'සැමදා වේවා ඔබ ආලෝකේ', 'Meaning': 'ඇය ඔහුගේ ජීවිතය දීප්තිමත් කළාය', 'SourceDomain': 'ආලෝකය', 'TargetDomain': 'ඈ'}]"
98,Ran Samanala Joduwa ,– රන් සමනල ජෝඩුව,රන්ජන් රාමනායක,Ranjan Ramanayake,"පැරණි පොප්ස්, ඉල්ලීම","Old Pops,Request",ආනන්ද ප්රේමසිරි,Ananda Premasiri,රූකාන්ත ගුණතිලක,Rookantha Gunathilaka,5469,"රන් සමනල ජෝඩුව වාගේ
අපි දෙන්නා මේ මල් පාරේ
පාසල් ගිය කාලෙ හිතේ නැද්ද ඔයාගේ
අද ඇයිදෝ මේ තනියම යන්නේ
මං එනතුරු නැද්දෝ ඉන්නේ...
මූණ කැතයි කියල ඔයාගේ
බොරුවට මම කියපු වෙලාවේ
තරහ වෙලා යන්න ගියා
දැන් සතියක් ගෙවිල ගියා
අදවත් ඇයි හිනා නොවෙන්නේ
හෙටින් පස්සේ නිවාඩු කාලේ...

වෙනදට උදයම මැයි ගහ අද්දර
මග බල බල ඔබ ඉන්නව එනතුරු මා
දැන් ඔයා කිපීලා පිට පාරේ යනු බලලා
වේදනාව සිතේ පිරෙන්නේ
ආයෙත් නෑ විහිළු කරන්නේ


සෙල්ලම ලෙල්ලම වෙන බව නොදැනයි
මම නම් ළමයෝ මේ වගෙ විහිළු කලේ
ඇයි අශෝකමාලා ඔය වාගේ කෝප වීලා
ඉක්මනටම වයසට යයි නේ
නැද්ද ඔයා ඒ බව දන්නේ...","[{'Metaphor': 'රන් සමනල ජෝඩුව වාගේ', 'Meaning': 'ඔවුන් ඉතා ලස්සනයි', 'SourceDomain': 'ගෝල්ඩන් සමනලයා යුවළක්', 'TargetDomain': 'ඇය සහ ඔහු'}]"
99,Ran Samanalayek ,රන් සමනලයෙක්,දීපිකා ප්රියදර්ශනී,Deepika Priyadarshani,වත්මන් ගීත,Current Songs,සුනිල් ආරියරත්න,Sunil Ariyarathna,රොහානා වීරසිංහ,Rohana Weerasingha,891,"රන් සමනලයෙක් ඇයගේ මුහුණේ 
පැනි බොන්නට ඇවිදින්
කොහොමද සමනලයාට ඉතිං අපි 
ඇත්ත කියාදෙන්නේ
ඇයගේ ගීයෙන්  මත් වූ කොවුලන් 
ඈ ළඟටම ඇවිදින්
කවුරුද ඇය කෙවිලියක් නොවන වග 
උන්ට කියා දෙන්නේ


මොණරෙක් නැති වුන සිකිපිල් සොයමින් 
ඇයගේ වරළ සිඹී
ඒ මොණරා හට තතු පහදන්නේ 
මොන විදිහට අපී
නා ගස නාදළු නරඹයි ඇයගේ 
තොල්පෙති වෙතට එබී
අනේ අහිංසක නාගස ඇය හට 
රැවටී තිබෙන හැටී



විලෙන් පලා ගිය හංස යුවල කෝ 
විල ඇයගෙන් විමසයි
දෑතින් සිය ළැම මඬල වසාගෙන 
විලියෙන් ඇය ඇඹරෙයි
කෝ මානෙල් පෙති ජෝඩුව මාගේ 
මහනෙල ඇගෙන් අසයි
මානෙල් මල් පෙති ගත්තේ නැති බව 
කියමින් ඈ දිවුරයි","[{'Metaphor': 'රන් සමනලයෙක් ඇයගේ මුහුණේ', 'Meaning': 'ඇය මලක් මෙන් ලස්සනයි', 'SourceDomain': 'මල', 'TargetDomain': 'ඈ'}]"
100,Sadata Muwavi,– සඳට මුවා වී,ලලිත් පොන්නම්බෙපෙරුමා,Lalith Ponnamperuma,"පැරණි පොප්ස්, ඉල්ලීම","Old Pops,Request",ජයනාථ ගමගේ,Jayanatha Gamage,ජයන්ත ගමගේ,Jayantha Gamage,545,"සඳට මුවා වී තනිවෙන්න එපා
හිරැට මුවා වී සැඟවෙන්න එපා
කඳුළුවලින් මා නෙත් තෙමනු එපා
ලොවට බියෙන් මා හැර යන්න එපා
ඔබව පැතුවෙ මා එක හිතින් බිය නොවී
කිමද අද මෙසේ ඔබ බොහෝ දුරක වී 
ඔබව පැතුවෙ මා එක හිතින් බිය නොවී
කිමද අද මෙසේ ඔබ බොහෝ දුරක වී
පැතුම් මල් පිපී මද පවනෙ සැලෙන්නේ
එවන් ලොවක ඇයි මා තනි කරලන්නේ 
පැතුම් මල් පිපී මද පවනෙ සැලෙන්නේ
එවන් ලොවක ඇයි මා තනි කරලන්නේ","[{'Metaphor': 'පැතුම් මල් පිපී', 'Meaning': 'බලාපොරොත්තුව මල මෙන් ඉතා මිහිරි ය', 'SourceDomain': 'මල', 'TargetDomain': 'බලාපොරොත්තුව'}]"
101,Sadakalika Nowu ,සදාකාලික නොවූ,සුනිල් එඩිරිසිංහ,Sunil Edirisinghe,සම්භාව්ය,Classics,ආනන්ද අමරසිරි,Ananda Amarasiri,රොහානා වීරසිංහ,Rohana Weerasingha,1576,"සදාකාලික නොවූ ලෝකේ
සදාකාලික ප්‍රේමයක්
සොයා නෙක ගම් දනව් පීරා
ගෙවූ කාලය සිහිනයක්


මගේ දුක දැක ඔබේ දෙනයන
උපන් කඳුළින් සේදිලා..//
ඔබේ වත නොව ඔබේ හදවත
පුරා සඳ සේ පෑදිලා



එදා ළඟ සිට දුටුව ඔබ නොව
මෙදා දුර සිට මා දකින්නේ..//
සදාකාලික නොවූ ලෝකේ
සදා කෙලෙස ද පෙම් බඳින්නේ","[{'Metaphor': 'ඔබේ හදවත පුරා සඳ සේ පෑදිලා', 'Meaning': 'සම්පූර්ණ සඳ මෙන් හදවත පැහැදිලිය', 'SourceDomain': 'පුර හඳ', 'TargetDomain': 'හදවත'}]"
102,Udarata Manike manahara ,– උඩරට මැණිකේ මනහර,C.d. ෆොන්සේකා,C.D.Fonseka,කැලිප්සෝ,Calypso,කරුණාරත්න අබේසේකර,Karunarathna Abeysekara,පැට්රික් ඩෙනිපිෂියා,Patrick Denipitya,519,"උඩරට මැණිකේ මනහර කඳුරට තිලකේ
කඳුරට තිලකේ මනහර උඩරට මැණිකේ
ඔසරි මාල වළලු කූරු හවඩි ඔබට හරි හැඩයි
ඔසරි මාල වළලු කූරු හවඩි ඔබට හරි හැඩයි



සුනිල් ජලේ රණ හංසිය වාගේ
ලළිත ගමන සිත නලවයි මගේ //
සුභ ගමන් යන්න සැන්දෑවට නුවර වැව වටේ
මිණි පහන ඔබයි කන්ද උඩරටේ //


තෙල් මල් ගෙන දළදා මන්දීරේ
වඳින්න යයි පියගැටපෙල පාරේ //
හිනැහිලා බලන එක බැල්මට වැවේ මල් පිපේ
මනමාලි ඔබයි කඳුකරේ අපේ //


නුවර ඇසළ පෙරහැර ඇති කාලේ
මුලු රටම දකී ඔබෙ කෝමල තාලේ //
මට මලක් වෙන්න හිතයි ප්‍රියේ ඔබේ පෙම් විලේ
රූ රැජින තමයි මැණික සිංහලේ //","[{'Metaphor': 'සුනිල් ජලේ රණ හංසිය වාගේ', 'Meaning': 'දුම්රිය පංකා චලනය වනවා වගේ', 'SourceDomain': 'හංසයා', 'TargetDomain': 'උදාරත මෙනිකේ දුම්රිය'}]"
103,Udarata Kandukaraye ,උඩරට කඳුකරයේ,ඇනස්ලි මලවානා,Annesley Malawana,පැරණි පොප්ස්,Old Pops,ක්ලැරන්ස් විජේවර්ධන,Clarence Wijewardena,ක්ලැරන්ස් විජේවර්ධන,Clarence Wijewardena,2776,"උඩරට කඳුකරයේ බැස යන සුන්දරියේ 
සුකොමල දුන්හිඳ සුරතලියේ ඔබ  
හෙළයට සිරිය ගෙනේ//

 
කඳුගැට පටලා මීදුම පටලා
සිරියෙන් රඟන සැටී
නුඹට රිදේ නම් හිමිහිට වැටියන්
දුන්හිඳ මනමාලී//


 
ගලපිට වැටෙනා දිය රැලි පුපුරා
මතුවෙයි කඳුළු කැටී
නුඹට රිදේ නම් හිමිහිට වැටියන්
දුන්හිඳ මනමාලී//","[{'Metaphor': 'දුන්හිඳ මනමාලී', 'Meaning': 'දිය ඇල්ල මනාලියක් මෙන් ලස්සනයි', 'SourceDomain': 'මනමාලිය', 'TargetDomain': 'ඩන්හින්ඩා දිය ඇල්ල'}]"
104,Wala Theerayen ,වළා තීරයෙන්,T.m.jyharathna,T.M.Jayarathna,"සම්භාව්ය, පැරණි පොප්ස්","Classics,Old Pops",අජන්තා රණසිංහ,Ajantha Ranasinghe,ප්රේමසිරි කෙමදාස,Premasiri Khemadasa,2223,"වළා තීරයෙන් එහා  කොහේද ලෝකයක්
සොයා ඇදෙන් පැතුම් බිඟුන් 
අපේම ලෝකයක්… අපේම ලෝකයක්




තරංඟයක් ලෙසින් අදී 
බිදී නොයන් සිතින්..
වසන්තයක් ලෙසින් උදාව 
එන්න ජීවිතෙන්...


සිහිල් සහන් සුසුන් සරින්
පවන් රොදක් ලෙසින්...
නැවුම් පැතුම් අරන් වඩින්න 
පෙම් උයන් දොරින්..","[{'Metaphor': 'තරංඟයක් ලෙසින් අදී', 'Meaning': 'ආදරය යනු රැල්ලක් ලෙස ය', 'SourceDomain': 'රැල්ල', 'TargetDomain': 'ආදරය'}]"
105,Wahi Diya Mahabima ,වැහිදිය මහබිම,දීපිකා ප්රියදර්ශනී,Deepika Priyadarshani,නව පොප්,New Pop,නුවන් ලියනාගේ,Nuwan Liyange,රොහානා වීරසිංහ,Rohana Weerasingha,479,"වැහිදිය මහබිම තෙමුවට බිමතෙමන්නෙ වැහිවිතරද
රෑ අහසේ තරු තිබුණට තරු තියෙන්නෙ රෑ විතරද
විහඟුන් පෙම් ගී ගැයුවට ගී කියන්නෙ උන් විතරද
මට නුඹ විතරක් වුණාට නුඹට ඉන්නෙ මං විතරද




රෝස පතක කවි ලීවේ සුවඳ දිදී තියාගන්න 
මේ විදිහට ගී ගැයුවේ ඉන්න තැනකදී ඇහෙන්න
මේ විදිහට ගී ගැයුවේ ඉන්න තැනකදී ඇහෙන්න



රෑ අහසේ තරු තිබුණට තරු තියෙන්නෙ රෑ විතරද
මට නුඹ විතරක් උණාට නුඹට ඉන්නෙ මං විතරද


උස අත්තක මලක් වුණේ ගව් ගණනක් උඩින් ඉන්න
අවසානේ උරුම වුණේ මල් පොකුරක එකක් වෙන්න 
අවසානේ උරුම වුණේ මල් පොකුරක එකක් වෙන්න","[{'Metaphor': 'උරුම වුණේ මල් පොකුරක එකක් වෙන්න', 'Meaning': 'ඇය ලස්සනයි, නමුත් ඔහු කැමතියි ඇය වගේ බොහෝ ගැහැණු ළමයින්ට ආදරෙයි', 'SourceDomain': 'මල', 'TargetDomain': 'ඈ'}]"
106,Veralu Gediya ,වෙරළු ගෙඩිය,සුනිල් එඩිරිසිංහ,Sunil Edirisinghe,සම්භාව්ය,Classics,වසන්ත කුමාර කොබාකකා,Wasantha Kumara Kobawaka,වික්ටර් රත්නායක,Victor Rathnayaka,1996,"වෙරළු ගෙඩිය හරි අටකට කපා ගෙන
කොටහක් නොකා දෙගුරුන්ටත් තබාගෙන
උන් අපි එදා සත් කුළු පව් විලාසෙන
පැල ඉනි වැටට ඇයි අද ඇණ කොටා ගෙන

  
පොඩි උන් දොහේ මල් මතකය ඉරාගෙන
හොඳ හිත ගිහින් උඩු හුළඟට ගසාගෙන//
මහගෙයි බිමට තනි උරුමය කියාගෙන
සතුරන් වෙලා උනුනට දෙස් තියාගෙන


  
තිරිසන් උනෝතින් කිසි හව්හරණ නැති
ලන්දක කකා ලන්දක කල් යල් හරිති//
එක මිහි සයන කාටත් නිදි සුවය දෙති
බිම් පංගුවට ලොල් වී මළගම් නොයති","[{'Metaphor': 'පොඩි උන් දොහේ මල් මතකය ඉරාගෙන', 'Meaning': 'ළමයි මල් වගේ', 'SourceDomain': 'මල', 'TargetDomain': 'ළමා කාලය'}]"
107,Veena Bingu Veena ,වීණා බිඟු වීණා,මිල්ටන් මල්ලවරාච්චි,Milton Mallawarachchi,නව පොප්,New Pop, ,, ,,1743,"වීණා බිඟු වීණා පවසන්නේ ආදරේ 
සේනා බිඟු සේනා විමසන්නේ ආදරේ                   
නිල් උපුල් සිනා දී යදින්නේ ආදරේ 
වීණා බිඟු වීණා පවසන්නේ ආදරේ


රෑට සසැලෙන්නෙ පැරදී හැඬූ තාරකා 
දෑත ළතැවෙන්නෙ ඒ දෑත තනි වූ නිසා
සිහින මායාවෙ පැටලීලා නින්දේ පවා 
දෑස විමසන්නෙ හුරු දෑසදෝ


සීත සඳ කැල්ම කිරි සාගරේ නැවතිලා  
වාසනාවන්ත තුරු වැල් එතී ළං වෙලා
ප්‍රේම ආලිංගනේ රංගනේ මත් වෙලා 
දෑස නලවන්න සිත් වූවදෝ","[{'Metaphor': 'නිල් උපුල් සිනා දී යදින්නේ ආදරේ', 'Meaning': 'ඇසට නිල් මැණෙල් මෙන් ලස්සනයි', 'SourceDomain': 'නිල් මැණෙල්', 'TargetDomain': 'ඇස'}]"
108,Vasity kollo (Kesara sinhayo) ,– වාසිටි කොල්ලෝ,ධර්මරත්න සහෝදරයන්,Dharmarathna brothers,"කැලිප්සෝ, කණ්ඩායම් ගීත","Calypso,Group Songs",මිල්රෝයි ධර්මරත්න,Milroy Dharmarathna,මිල්රෝයි ධර්මරත්න,Milroy Dharmarathna,134,"නවීන පන්නේ ගතිගුණ අපිට තියෙන්නේ
කේසර සිංහයෝ අපියි වාසිටි කොල්ලෝ
සතුටින් ඉන්නේ හන්තානේ රජදහනේ

කේසර සිංහයෝ අපියි වාසිටි කොල්ලෝ
කේසර සිංහයෝ අපියි වාසිටි කොල්ලෝ

මැණිකෙල මැණිකෙලා උඩරට පැත්තේ
නෝනලා නෝනලා කොළඹ පලාතේ
මැණික උනත් එක විදිහයි නෝන උනත් එක විදිහයි 
මැණික උනත් නෝන උනත් නවක වදේමයි



බිඒ බිඒ ගන්නයි එන්නේ 
ලෙක්චර් ලෙක්චර් අහගෙන ඉන්නේ 
ඩිග්රි ඇතත් සැලකිලි  ඩිග්රි නැතත් සැලකිලි 
ගෑනු  උනත් පිරිමි උනත් එකම සැලකිලි","[{'Metaphor': 'කේසර සිංහයෝ අපියි වාසිටි කොල්ලෝ', 'Meaning': 'පිරිමි ළමයින් සිංහයන් මෙන් නිර්භීතයි', 'SourceDomain': 'සිංහයන්', 'TargetDomain': 'පිරිමි ළමයි'}]"
109,Ukulata Nawath ,උකුලට නාවත්,රූකාන්ත ගුණතිලක,Rookantha Gunathilaka,දේවානුභාවයෙන්,Inspirational,අජන්තා රණසිංහ,Ajantha Ranasinghe,රූකාන්ත ගුණතිලක,Rookantha Gunathilaka,2447,"මා ඔබ ළඟ අම්මේ


උකුලට නාවත් එදා වගේ 
 මා පොඩි පුතු අම්මේ
යොදුනක් ඈතින් උන්නත් මා
 මා ඔබෙ ලග අම්මේ 
මා ඔබ ළඟ අම්මේ

 				


කටු කොහොලින් පිරි මට හිමි ලොකේ
ඔබ සරණයි අම්මේ
රෑ දහවල මට සෙවනෙල්ලක් වේ
සුවද ඔබෙ අම්මේ
මා ඔබ ලග අම්මේ



අත පය දෑඩිවි වෑඩිහිටි වුමා
ඔබ සෙවනේ අම්මේ
කුරා කුහුඹුවෙකි දිය රෑස් දහරේ
මතු මතුදා අම්මේ
මා ඔබ ලග අම්මේ","[{'Metaphor': 'කුරා කුහුඹුවෙකි දිය රෑස් දහරේ', 'Meaning': 'පුතාට සෑම විටම මවගේ උදව් අවශ්යයි', 'SourceDomain': 'කූඹියා', 'TargetDomain': 'පුතා'}]"
110,Udumbara ,උදුම්බරා,දයරත්න රණතුංග,Dayarathna Ranathunga,පැරණි පොප්ස්,Old Pops,උපාලි ධනවාලවිතන,Upali Dhanawalawithana,සරත් දසනායක,Sarath Dasanayaka,1483,"උදුම්බරා මනාලියේ
රුවින් උතුම් කුමාරියේ //
උදුම්බරා

      


අංජන මධු සුවඳ පැනින් රෑ සිරි වත දොවා
රංගන මනමාල බැලුම් දෑස කොනේ මවා
ඔබේ ලොවට මා ගෙන යන උදුම්බරා මනාලියේ
ප්‍රේම විමන් දොරටු වසන් රුවින් උතුම් කුමාරියේ



කෝකිල රජ දහන් පවා හඩින් උමතු වෙලා
සීගිරි සුර දූත ලඳුන් හොරෙන් මුකුළු කලා
ඔබේ ලොවට මා ගෙන යන උදුම්බරා මනාලියේ
ප්‍රේම විමන් දොරටු වසන් රුවින් උතුම් කුමාරියේ","[{'Metaphor': 'උදුම්බරා මනාලියේ රුවින් උතුම් කුමාරියේ', 'Meaning': 'කුමරිය මෙන් මනාලිය ලස්සනයි', 'SourceDomain': 'කුමරිය', 'TargetDomain': 'මනමාලිය'}]"
111,Udawadiya malak ,– උඩවැඩියා මලක්,චමාරා වීරසිංහ,Chamara Weerasinghe,වත්මන් ගීත,Current Songs,කවි කීර්ති හිමි,Kavi Keerthi himi,රොහානා වීරසිංහ,Rohana Weerasingha,1938,"උඩවැඩියා මලක් වෙලා දුරින් උන්නට
හිත පාරමි පුරන්නෙ දුර ඈත් ඉඳන්ම
උඩවැඩියා කුමාරි රජ මැදුරෙ උපන්න
මට අවසර නැත්ද ඇවිත් නෙලා ගන්නට

ඇස ඉවතට ගන්නට පවා නොහැකි තරම්ම
මගෙ හිත ඔබ ළඟ නැවතී මටත් හොරෙන්ම
ලෙන්ගතු වූ ලය සුසුමින් සිදුරු කරන්න
සුන්දර ඔබ නපුරු උනේ කොහොම කියන්න


පෙම්බර ලොව සිතැඟි සුවඳ ටිකක් විඳීන්න
ආදරයේ නැවුම් සුවඳ අරගෙන එන්න
මගෙ හද හිමිකාරිය ඔබ මගෙයි කියන්න
දුරින් ඉන්න එපා තවත් මට රිද්දන්න","[{'Metaphor': 'උඩවැඩියා මලක් වෙලා', 'Meaning': 'ඇය ඔහුට වඩා ධනවත් ය', 'SourceDomain': 'ඕකිඩ් මල්', 'TargetDomain': 'ඈ'}]"
112,Udarata Niliya ,උඩරට නිළිය,ඇනස්ලි මලවානා,Annesley Malawana,පැරණි පොප්ස්,Old Pops,ක්ලැරන්ස් විජේවර්ධන,Clarence Wijewardena,ක්ලැරන්ස් විජේවර්ධන,Clarence Wijewardena,2139,"උඩරට නිළිය හැඩ වගේ 
රතැඟිලි ඇගේ සැලෙන හැටි අගේ 
මල් පැණි බොන්නට පොරකන 

මීමැසි රංචුව වගේ 
ඇගේ රතැඟිලි සැලෙන හැටි අගේ

සිංහල ජාතියට ගරු සරු 
ලබා දෙවන උඩරට නිළිය 
ඔබේ සියුමැලි මඳ සිනහව 
රන් පැහැ දෙතොලට ඉනාව// 
ඇගේ රතැඟිලි සැලෙන හැටි අගේ

බෙර පද තාලයට පා තබා 
නරඹන්නන් මන් මත් කරලා 
සොඳුරු නිළිය අපේ නාලිය 
උඩරටටම හැඩකාරිය// 
ඇගේ රතැඟිලි සැලෙන හැටි අගේ","[{'Metaphor': 'උඩරට නිළිය හැඩ වගේ', 'Meaning': 'ඇය නිළියක් වගේ', 'SourceDomain': 'නිළිය', 'TargetDomain': 'ඈ'}]"
113,Thanamal wila ,– තණමල්විල,චමාරා වීරසිංහ,Chamara Weerasinghe,"වත්මන් ගීත, නව පොප්","Current Songs,New Pop",කවි කීර්ති හිමි,Kavi Keerthi himi,නවරත්න ගමගේ,Navarathna Gamage,561,"තණමල්විල මල් පිපුණත් තහනම් නීතියට
ඒ සියලුම මල්වල ඇති සුවද සිදාදියට
කිරි මල්විය ඉගි කෙරුවත් ඉදුවර හීනියට
සිත්මල ලංකරන්නෙපා ඇවිලෙන පාපයට

පොල් අතු පැල් පතක හීන රන්දා මාලිගයක
ලෙන්ගතු වී කතා කරයි යන්න දේව ලෝකෙට
කාසි පනම් පීදුනාට ගිණිගත් ජීවිතයක
ඇවිද්ද පය විලංගු වෙයි ඔය කහමල් යායට


අපේ ගමේ සිටුවරයින් යහමින් ඇති අතමිට
කාසි වලට හාදවෙලා නගරේ ලොකු උදවිය
නීතිය තහනම් උනාට තාමත් ඉර හද යට
කොළඹට අරගෙන එනවා තණමල්විල මල් ටික","[{'Metaphor': 'තණමල්විල මල්', 'Meaning': 'මත්ද්රව්ය නීති විරෝධී ය', 'SourceDomain': 'තනාමල්විල මල්', 'TargetDomain': 'ඖෂධ'}]"
114,Taj Mahalak ,ටජ් මහලක්,එච්.ආර්. ජෝතිපාල,H.R.Jothipala,"ක්ලැසික්ස්, ගෝල්ඩන් පොප්","Classics,Golden Pop",කරුණාරත්න අබේසේකර,Karunarathna Abeysekara,සරත් දසනායක,Sarath Dasanayaka,1995,"ටජ් මහලක්‌ තනවන්න නෑ මට 
ඔබෙ සෙනහසට හිමි 
හිස්‌ අහසේ ගෑවෙන්න තරමට 
ගී සෑයක්‌ බඳිමී 

 
සිහිකර ඔබ ගැන බවුන් වඩයි මන 
අන්ධය දෙනයන බිහිරිය දෙසවන

 
මගේ උදානය අමිල නිදානය 
ඔබමය ජීවය මිහිරිය දෙසවන

 
තිමිර එළිය කෙරු මගෙ ලොව දිනිසුරු 
තරුපති සහකරු ඔබයි මියනතුරු","[{'Metaphor': 'අමිල නිදානය ඔබමය', 'Meaning': 'ඇය ඔහුගේ වටිනාම දෙයයි', 'SourceDomain': 'නිධානය', 'TargetDomain': 'ඈ'}]"
115,Supun sanda payala ,– සුපුන් සඳ පායල,පෝල් ප්රනාන්දු,Paul Fernando,කැලිප්සෝ,Calypso,රොලින්සන් ප්රනාන්දු,Rolinson Fernando,නොදන්නා,Unknown,215,"සුපුන් සඳ පායල නෑ
අහසේ රන් තරු දිලෙන්නෙ නෑ
ඔබේ ගී හඬ ඇසෙන්නෙ නෑ
සවන් පිනවන්නෙ නෑ

   
            

සුවඳ ඇති මල සතු වෙලා
සිටී මහද මැලවිලා
මවිපියො කී බස අසාලා
ඇයිදො ගියේ මා දා//


දිළිඳු කම මා පරදාලා
තිබූ මැණික නැති වෙලා
සඳ අඳුරෙ ගිල්වලා
සිටියේ ඇයිද බලා//","[{'Metaphor': 'තිබූ මැණික නැති වෙලා', 'Meaning': 'ඔහු ඇයට බොහෝ ආදරය කරයි', 'SourceDomain': 'මැණික්', 'TargetDomain': 'ඈ'}]"
116,Sunilwan Nuwan Yuga ,සුනිල්වන් නුවන් යුග,සෝමතිලක ජයමහා,Somathilaka Jayamaha,සම්භාව්ය,Classics,සෝමතිලක ජයමහා,Somathilaka Jayamaha,සෝමතිලක ජයමහා,Somathilaka Jayamaha,1805,"සුනිල්වන් නුවන් යුග වසා උතුර උතුරා
ගැලූ කඳුළු ගංගාවෙ ඇය දැන් කිඳීලා
ඔබේ වරය දෙනු මැනවි තව දුක නොදීලා
හැදූ මවුණි පියතුමණි කරුණාව පාලා

 				


මට මේක දඟ ගෙයකි දෙන වේදනාවන්
සතුටයි දුකයි කඳුල එක සේ දරා මං
සැනසී සිටින්නෙම්ද ඇගෙ දුක බලා දැන්
සුවසෙත පතා දෙන්න ආසිරි දයාවෙන්



රජ දහන වැලි කතර වුව උරුම වේ නම්
මට ඈගෙ පිළිසරණ මතු වාසනාවන්
මගෙ ජීවනේ ගීයෙ ඇගෙ හඬ නොවේ නම්
හද වෙණෙහි සත්සර සදා ගොළු වුණාදෙන්","[{'Metaphor': 'සුනිල්වන් නුවන්', 'Meaning': 'ඇස පැහැදිලි හා ලස්සනයි', 'SourceDomain': 'සුනිල්', 'TargetDomain': 'ඇස'}]"
117,Sumudu Walawaka ,– සුමුදු වලාවක,චන්දන ලියනාරාචි,Chandana Liyanarachchi,පැරණි පොප්ස්,Old Pops,චන්න ජයනාත්,Channa Jayanath,ගුණදාස කපුගේ,Gunadasa Kapuge,4682,"සුමුදු වලාවක අඳුර වෙලා නුඹ
මට දුන් කඳුළු බිඳු
සිනා මලක් වී යලි යලි පිපියන්
පෙම් කල සිතක මතු //
සිහින හතක් මැද පෙනි පෙනි නොපෙනෙන
සුර කුමරියක් වෙලා //
එපා හිඳින්නට දෙතුන් දැහැන් බැඳ
සිත පව් පුරනු එපා
 
බඹර තුඩට සුව මලක සුවඳ නොව
මල් අග රැඳුනු පැණි //
සොඳුරු සිතක හැඩ රෝස කොපුල් යුග
දුටුවම කියනු බැරි","[{'Metaphor': 'සුමුදු වලාවක අඳුර වෙලා නුඹ', 'Meaning': 'ඇය ඔහුට ආදරය කරන්නේ නැහැ', 'SourceDomain': 'අඳුරු', 'TargetDomain': 'ඈ'}]"
118,Sitha Oba Pamula ,සිත ඔබ පාමුල,දීපිකා ප්රියදර්ශනී,Deepika Priyadarshani,"සම්භාව්ය, නව පොප්","Classics,New Pop",කුලරත්න ආරියවන්සා,Kularathna Ariyawansa,රොහානා වීරසිංහ,Rohana Weerasingha,1939,"සිත ඔබ පාමුල රඳවා
බිඳි සෙනෙහස ගිනි උහුලා
අහිමි විජිතයෙන් සමුගෙන යන්නම්
ඔබට සෝතැවුල් නොම වේවා//


අසුරු සැනක් වූ රුසිරු අතීතය
සිහිනෙන් ගෑ මුදු සුවඳක් සේ//
සඳා රැදේ‍වා…     ඔබේ ලොවේ



ඔබට පිදුම් වූ සිතක විලාපය
කැටපත් පවුරක ගීයක් සේ//
සඳා රැදේ‍වා…     ඔබේ හදේ","[{'Metaphor': 'ඔබට පිදුම් වූ සිතක විලාපය කැටප ත් පවුරගීයක් සේ', 'Meaning': 'විලාපය කිසි විටෙකත් අහිමි නොවේ', 'SourceDomain': 'දර්පණ බිත්තියේ ගීතයක්', 'TargetDomain': 'විලාප'}]"
119,Siriyame Sara ,සිරියා මේ සාරා,එච්.ආර්. ජෝතිපාල,H.R.Jothipala,"ක්ලැසික්ස්, චිත්රපට ගීත","Classics,Movie Songs",විල්ෆ්රඩ් සිල්වා,Wilfred Silva,T.r.papa,T.R.Papa,3905,"සිරියා මේ සාරා නැගේවි හද මෝරා
දී ප්‍රේමේ අම ධාරා හෝ ප්‍රේමේ අම ධාරා//


	
 
ප්‍රේමේ නුරා ගීත රාවේ ඇසෙන්නා
මේ පෙම් මල් පිපීලා මා හර්දේ පිරෙන්නා //
හෝ…හෝ….හෝ
දින රාජයා ඈත අහසේ දිලෙන්නා
දී ප්‍රේමේ අම ධාරා හෝ ප්‍රේමේ අම ධාරා



 
ගංගා පිරීලා‍ ඉතිරී ගලන්නා//
ආලේ රසේ මා හදේහි නැගෙන්නා //
හෝ…හෝ….හෝ
යාමී මේ දැන් පෙම් කුමාරි සොයාලා
දී ප්‍රේමේ අම ධාරා හෝ ප්‍රේමේ අමධාරා","[{'Metaphor': 'ගංගා පිරීලා\u200d ඉතිරී ගලන්නා', 'Meaning': 'හදවත සතුටින් පිරී ඇත', 'SourceDomain': 'ගංගා', 'TargetDomain': 'හදවත'}]"
120,Sirini Saru Sara ,සිරිනි සරු සර,ධර්මදාස වල්පොල,Dharmadasa Walpola,"ගෝල්ඩන් ඕඩර්ලි, චිත්රපට ගීත","Golden Oldies,Movie Songs",බෙන්ඩික්ස්ට් ප්රනාන්දු,Benadict Fernando,R.muthhusaami,R.Muththusami,3174,"සිරිනි සරු සර වීලා නීල ගොයම් පැසේ 
දර්ශනේ රම්‍ය ලංකාර වේ//

 


විල් පිරීලා මානෙල් පිපීලා සුවදෙනී ඉතිරීලා//
මේ අනන්දේ නයන රසදේ//
පිටිසරෙහි සිරියා සොබනා
    
 
සුරලියෝ සමලියෝ//
සුරලියෝ සමලියෝ  පූර්ණ සඳ සේ උවනා//
වරල දිලිසේ වලාකුළ සේ//  
දෙතොල නා දළු පරදනා 
නීල මිණි සේ නෙත් කාන්ති විහිදේ 
ලමැද රණ හංසයො සේ
රූප නාරී  මන පින වී// 
පිටිසරෙහි සිරියා සොබනා","[{'Metaphor': 'සුරලියෝ සමලියෝ', 'Meaning': 'ගැහැණු ළමයින් සමනලයා තරම් ලස්සනයි', 'SourceDomain': 'සමනලයා', 'TargetDomain': 'ගැහැණු ළමයින්'}, {'Metaphor': 'නීල මිණි සේ නෙත්', 'Meaning': 'ඇසට නිල් මැණික් තරම් ලස්සනයි', 'SourceDomain': 'නිල් මැණික්', 'TargetDomain': 'ඇස'}]"
121,Sabanda Api ,සබඳ අපි කඳු,ගුණදාස කපුගේ,Gunadasa Kapuge,"සම්භාව්ය, පැරණි පොප්ස්","Classics,Old Pops",දර්ශන මෙන්ඩිස්,Dharshana Mendis,ගුණදාස කපුගේ,Gunadasa Kapuge,2043,"සබඳ අපි කඳු නොවෙමු 
උනුන් පරයා නැගෙන
සුනිල දිය   දහර වෙමු 
එකම ගඟකට වැටෙන



වියරු ගිනි දැල් නොවෙමු 
වනය අවුලා තබන 
සිහිල දෙන වැස්ස වෙමු 
දැවෙන කැලයට වසින



නපුරු හී……නය නොවෙමු 
ළමුන් නිදි සුව බිඳින
සොඳුරු අඬහැරය වෙමු 
දනන් නින්දෙන් මුදන","[{'Metaphor': 'සබඳ අපි කඳු නොවෙමු', 'Meaning': 'කඳුකරය එකම උස නොවන නිසා මිනිසුන් සමාන නොවේ.', 'SourceDomain': 'කඳු', 'TargetDomain': 'සෙනඟ'}]"
122,Ruwata Ruwe ,රුවට රුවේ,T.m.jyharathna,T.M.Jayarathna,පැරණි පොප්ස්,Old Pops,උපාලි ධනවාලවිතන,Upali Dhanawalawithana,ක්ලැරන්ස් විජේවර්ධන,Clarence Wijewardena,1811,"රුවට රුවේ සකුරා ඉවුරේ හිම වැටෙනා 
සුදු කන්ද දිගේ 
පාසැල් යන සුදු කුමාරියේ //


හිම මිදෙනා නගරේ 
රුව පෑව ඒ රූබරී 
චෙරි මල් පිපී පවනේ 
ඒ ගමන් ලතා බලා ඉන්නවා 


රතු මුහුදේ වෙරළේ 
යමු ඈත අපි වෙන් නොවී 
සිතකින් නොවේ ළඳුනේ 
මා මගේ රටේ සදා තනිවුණේ","[{'Metaphor': 'රතු මුහුදේ වෙරළේ', 'Meaning': 'රතු යනු ප්රේමයේ වර්ණයයි', 'SourceDomain': 'රතු මුහුදේ වෙරළ', 'TargetDomain': 'ආදරය'}]"
123,Sanda Thaniwela ,සඳ තනිවෙලා,"ඇන්ජලින් ගුණතිලක, මිල්ටන් මල්ලවරාච්චි","Angelin Gunathilaka,Milton Mallawarachchi","යුගල, චිත්රපට ගීත","Duets,Movie Songs",කුලරත්න ආරියවන්සා,Kularathna Ariyawansa,ක්ලැරන්ස් විජේවර්ධන,Clarence Wijewardena,2617,"සඳ තනිවෙලා අහසේ හිරු තනිවෙලා
උතුරා ගැලූ ගඟුලක් අද වියළිලා





පියමන් කළා දෙදෙනෙක් සෙවනක් බලා
පැතුමන් බිඳී නිවසක් ඇත සුන් වෙලා
පියමන් කළා දෙදෙනෙක් සෙවනක් බලා
පැතුමන් බිඳී නිවසක් ඇත සුන් වෙලා



උයනක් පිරී පිපි මල් අද පරවෙලා
විහඟුන් ගැයූ ගී වැල් අද නැති වෙලා
උයනක් පිරී පිපි මල් අද පරවෙලා
විහඟුන් ගැයූ ගී වැල් අද නැති වෙලා","[{'Metaphor': 'උතුරා ගැලූ ගඟුලක් අද වියළිලා', 'Meaning': 'ආදරය අවසන්', 'SourceDomain': 'ගඟ', 'TargetDomain': 'ආදරය'}]"
124,Seegiri Landune ,සීගිරි ලඳුනේ,T.m.jyharathna,T.M.Jayarathna,පැරණි පොප්ස්,Old Pops,අජන්තා රණසිංහ,Ajantha Ranasinghe,ප්රේමසිරි කෙමදාස,Premasiri Khemadasa,1793,"සීගිරි ලඳුනේ ඇයි තනිවී 
නිහඬව ඉන්නේ ඇයි ගොළුවී 
කැටපත් පවුරේ ගීපද ලීවේ 
ඔබදෝ ප්‍රේම පුරාණේ



මීවිත දෙතොලේ රැඳවූ සොඳුරු වෙලාවේ 
මල්ගොමු සරලා ඔබදෝ මල්දම් ගෙතුවේ 
වන මැද අරණේ ආදර සෙවනේ 
කිංකිනි හඬ නැංවුව සුර ලඳුන් ලෙසේ


සීතල සුලඟේ මුසුවී සුසුම් පාවෙලා 
ඒ රජ දනනේ ජීවන ගීතයක් වුනා 
මේ ගිරි මුදුනේ ඔබෙ රුව ලඳුනේ 
සිත්තර තෙළිතුඩකින් සිතුවමක් වුනා","[{'Metaphor': 'ඒ රජ දනනේ ජීවන ගීතයක් වුනා', 'Meaning': 'ඇය ගීතයක් වගේ හරිම මිහිරි ය', 'SourceDomain': 'ජීවිත ගීතය', 'TargetDomain': 'සිගිරි කන්තවා'}]"
125,Sayuru Theredi ,සයුරු තෙරේදී,මිල්ටන් මල්ලවරාච්චි,Milton Mallawarachchi,පැරණි පොප්ස්,Old Pops,K.d.k.derderermaiving,K.D.K.Dharmawardhana,පැට්රික් ඩෙනිපිෂියා,Patrick Denipitya,5930,"සයුරු තෙරේදී අවන්හලේදී
දෙනෙතේ කතාවෙන් සිත් යාවුණේ
සිරවී රැඳී ඉන් කිමද ප්‍රියේ අප
තවම කතා නොකළේ




තඹුරු පිපී බමරු පිරී
සොඳුරු කතාවන් පවසා යතේ
නොනැඟේවිදෝ ඔබගේ ළයේ
එවැනි හැඟුම් රහසේ



පියවී ලොවේ නොලද සුවේ
සොයමි රැයේ මම සිහින ලොවේ
නොනැඟේවිදෝ ඔබගේ ළයේ
එවැනි හැඟුම් රහසේ","[{'Metaphor': 'තඹුරු පිපී බමරු පිරී', 'Meaning': 'පෙම්වතාට ආදරය කිරීමට කැමතියි', 'SourceDomain': 'මී මැසි', 'TargetDomain': 'පෙම්වතා'}]"
